SUN 07/30/17, 5  6  9 19 31
SAT 07/29/17, 1  5 10 31 37
FRI 07/28/17, 3  4 20 26 38
THU 07/27/17,12 14 16 20 30
WED 07/26/17, 2 14 16 17 38
TUE 07/25/17, 1 14 19 21 34
MON 07/24/17, 3 10 25 31 35
SUN 07/23/17, 5 14 23 25 31
SAT 07/22/17, 3  6 14 21 31
FRI 07/21/17,24 25 26 28 32
THU 07/20/17, 3  7  9 13 17
WED 07/19/17, 5 19 23 26 34
TUE 07/18/17,16 19 26 32 35
MON 07/17/17, 4  7 18 24 30
SUN 07/16/17,10 15 22 24 39
SAT 07/15/17, 9 12 19 27 38
FRI 07/14/17, 6 11 19 26 32
THU 07/13/17, 5 17 22 33 38
WED 07/12/17, 9 19 25 26 27
TUE 07/11/17, 2 27 29 32 35
MON 07/10/17, 2  4 12 24 34
SUN 07/09/17, 1  2  7 29 30
SAT 07/08/17, 1  7 15 28 30
FRI 07/07/17,14 15 29 31 39
THU 07/06/17, 1  6  7 14 36
WED 07/05/17, 6  8 15 27 39
TUE 07/04/17, 5  7 11 16 24
MON 07/03/17, 3 10 14 22 32
SUN 07/02/17, 6  7 14 38 39
SAT 07/01/17,13 19 24 30 32
FRI 06/30/17,10 23 25 26 34
THU 06/29/17, 1 12 23 34 36
WED 06/28/17, 2 12 26 32 36
TUE 06/27/17,11 23 24 34 37
MON 06/26/17, 9 12 17 34 38
SUN 06/25/17, 1  9 23 35 38
SAT 06/24/17, 5 15 24 35 38
FRI 06/23/17, 5  8 25 31 39
THU 06/22/17, 3  9 10 21 29
WED 06/21/17, 1  3 21 34 38
TUE 06/20/17,12 16 22 25 30
MON 06/19/17,14 18 21 27 34
SUN 06/18/17, 1  7 11 14 37
SAT 06/17/17, 6  7  8 30 32
FRI 06/16/17,12 17 25 32 33
THU 06/15/17, 2 13 29 31 37
WED 06/14/17, 8 13 24 26 29
TUE 06/13/17, 2 18 29 38 39
MON 06/12/17, 9 13 15 17 19
SUN 06/11/17, 4  9 14 20 34
SAT 06/10/17, 1  2 20 26 29
FRI 06/09/17, 3  7 14 16 29
THU 06/08/17, 3  6 20 26 34
WED 06/07/17, 9 19 29 33 34
TUE 06/06/17, 3 11 12 34 38
MON 06/05/17, 4 16 21 31 34
SUN 06/04/17, 3  4 21 31 32
SAT 06/03/17, 4  9 29 35 37
FRI 06/02/17, 3  6  8 12 32
THU 06/01/17,17 18 34 36 39
WED 05/31/17,17 18 22 33 38
TUE 05/30/17, 3  5 14 20 37
MON 05/29/17, 2 16 24 32 37
SUN 05/28/17, 6  7  9 23 24
SAT 05/27/17, 1  9 25 34 39
FRI 05/26/17,11 12 17 36 37
THU 05/25/17, 3  7  8 13 22
WED 05/24/17, 4  8 19 30 33
TUE 05/23/17, 1 14 23 26 37
MON 05/22/17, 4  8 10 18 23
SUN 05/21/17,15 19 27 30 34
SAT 05/20/17, 2 21 22 27 38
FRI 05/19/17, 4 11 16 21 33
THU 05/18/17,13 20 23 24 28
WED 05/17/17,10 13 15 26 36
TUE 05/16/17, 3 14 20 25 32
MON 05/15/17,17 21 22 34 39
SUN 05/14/17,12 19 26 29 32
SAT 05/13/17, 1 18 22 25 26
FRI 05/12/17, 6  7  9 12 38
THU 05/11/17, 4 16 28 30 33
WED 05/10/17, 3 14 21 23 38
TUE 05/09/17,20 23 24 29 34
MON 05/08/17, 8 12 22 23 25
SUN 05/07/17, 6 20 30 31 39
SAT 05/06/17, 3 11 24 28 33
FRI 05/05/17,12 13 16 23 24
THU 05/04/17, 7  8 10 18 32
WED 05/03/17, 3 11 24 30 39
TUE 05/02/17, 1  7 18 29 39
MON 05/01/17,16 17 20 23 26
SUN 04/30/17,13 16 25 26 29
SAT 04/29/17, 1  5  7 14 26
FRI 04/28/17, 3  4 18 25 35
THU 04/27/17, 1 10 12 20 22
WED 04/26/17, 1 10 21 32 36
TUE 04/25/17, 6 10 12 16 37
MON 04/24/17, 3  8 11 17 38
SUN 04/23/17,22 24 30 36 39
SAT 04/22/17, 7 15 24 30 37
FRI 04/21/17, 5 13 16 20 36
THU 04/20/17, 2  9 23 34 38
WED 04/19/17, 3  5 24 25 29
TUE 04/18/17, 3  5  8 10 15
MON 04/17/17, 2  4 17 34 37
SUN 04/16/17, 5 21 23 33 34
SAT 04/15/17,10 13 17 37 39
FRI 04/14/17, 9 12 16 17 36
THU 04/13/17, 2  8 12 32 35
WED 04/12/17, 5 12 15 24 26
TUE 04/11/17, 2  3  5 13 34
MON 04/10/17, 6 22 25 27 29
SUN 04/09/17, 1 15 22 31 36
SAT 04/08/17, 1 11 22 32 34
FRI 04/07/17, 1 10 27 28 29
THU 04/06/17, 4  7 10 31 39
WED 04/05/17, 1  3 14 15 39
TUE 04/04/17, 2  9 21 22 26
MON 04/03/17, 1  2  9 14 37
SUN 04/02/17, 3 18 22 30 34
SAT 04/01/17,12 15 28 29 35
FRI 03/31/17,13 19 20 25 36
THU 03/30/17, 6 10 17 26 32
WED 03/29/17, 2  7 11 18 22
TUE 03/28/17, 9 18 19 32 36
MON 03/27/17,19 24 26 32 35
SUN 03/26/17, 8 22 27 28 35
SAT 03/25/17, 7  9 21 27 32
FRI 03/24/17, 2  5  8 21 23
THU 03/23/17, 5  8 11 17 28
WED 03/22/17, 2 10 18 35 39
TUE 03/21/17, 1  6 12 22 36
MON 03/20/17, 3 11 33 35 38
SUN 03/19/17, 5 11 21 22 29
SAT 03/18/17, 3  4 33 38 39
FRI 03/17/17, 3 23 28 36 37
THU 03/16/17,16 22 28 33 37
WED 03/15/17,16 24 29 32 38
TUE 03/14/17, 3  6  9 15 32
MON 03/13/17,17 18 28 31 32
SUN 03/12/17, 6 13 22 30 35
SAT 03/11/17,11 17 19 28 39
FRI 03/10/17, 8 14 19 23 36
THU 03/09/17, 1  3  6  9 33
WED 03/08/17, 3  4 11 24 29
TUE 03/07/17, 6 13 18 22 28
MON 03/06/17, 1 10 13 20 35
SUN 03/05/17,10 12 20 24 37
SAT 03/04/17, 6 10 11 14 25
FRI 03/03/17, 2  6  9 15 31
THU 03/02/17,10 19 24 32 39
WED 03/01/17, 2  8 13 14 18
TUE 02/28/17, 2  7  8 22 33
MON 02/27/17,10 12 20 25 29
SUN 02/26/17, 6  7 16 35 37
SAT 02/25/17, 2  3 25 29 35
FRI 02/24/17, 7  9 26 29 34
THU 02/23/17,18 28 29 32 34
WED 02/22/17,11 15 17 25 33
TUE 02/21/17,12 13 14 32 35
MON 02/20/17,15 18 20 29 35
SUN 02/19/17, 3  8 16 24 39
SAT 02/18/17, 9 19 21 34 39
FRI 02/17/17,10 19 22 27 28
THU 02/16/17,12 19 20 25 30
WED 02/15/17, 6 21 23 24 32
TUE 02/14/17,14 17 22 28 30
MON 02/13/17, 1  8 13 36 39
SUN 02/12/17, 2  3  5 22 35
SAT 02/11/17,10 22 23 35 39
FRI 02/10/17, 5 10 13 28 36
THU 02/09/17, 1  9 20 28 38
WED 02/08/17,18 19 30 36 38
TUE 02/07/17, 1  4 12 25 30
MON 02/06/17, 9 12 28 32 38
SUN 02/05/17, 4 11 16 18 38
SAT 02/04/17, 7 11 15 28 31
FRI 02/03/17,11 18 21 27 30
THU 02/02/17, 9 10 21 31 37
WED 02/01/17,22 26 29 31 39
TUE 01/31/17, 6 10 12 18 21
TUE 01/30/16, 6 10 12 18 21
MON 01/30/17, 1 12 22 24 30
SUN 01/29/17, 6 16 21 23 29
SAT 01/28/17, 8 11 12 34 39
FRI 01/27/17, 3  4 10 15 33
THU 01/26/17,10 13 20 29 35
WED 01/25/17, 4 11 21 30 37
TUE 01/24/17, 1  5 17 35 38
MON 01/23/17, 8 22 27 33 38
SUN 01/22/17, 7 10 11 24 35
SAT 01/21/17,10 17 27 35 37
FRI 01/20/17, 3  7 13 27 32
THU 01/19/17, 8 13 23 30 32
WED 01/18/17, 1 10 14 17 30
TUE 01/17/17,15 18 24 37 39
MON 01/16/17, 6 12 25 32 38
SUN 01/15/17, 5 18 19 21 32
SAT 01/14/17, 4 12 19 23 24
FRI 01/13/17, 2  3  9 16 23
THU 01/12/17,18 20 22 23 28
WED 01/11/17, 7 17 23 32 39
TUE 01/10/17,16 17 18 20 22
MON 01/09/17, 8 13 22 27 38
SUN 01/08/17, 3 13 17 24 27
SAT 01/07/17, 1  8 10 15 23
FRI 01/06/17, 2 10 11 16 27
THU 01/05/17, 9 11 14 22 36
WED 01/04/17,18 26 36 37 38
TUE 01/03/17, 8  9 14 15 28
MON 01/02/17,13 16 17 27 36
SUN 01/01/17, 2  3  7 18 35
SAT 12/31/16, 2 14 17 21 22
FRI 12/30/16, 8  9 13 30 32
THU 12/29/16, 5 11 30 32 36
WED 12/28/16,11 23 25 35 37
TUE 12/27/16,10 13 27 31 36
MON 12/26/16,11 25 26 31 32
SUN 12/25/16, 5 17 24 32 35
SAT 12/24/16, 5 10 15 25 32
FRI 12/23/16,11 12 19 31 37
THU 12/22/16, 9 13 19 21 24
WED 12/21/16,17 20 24 31 33
TUE 12/20/16, 7 19 22 29 34
MON 12/19/16, 1  6 22 25 29
SUN 12/18/16, 6  7 12 26 39
SAT 12/17/16,14 22 26 33 37
FRI 12/16/16, 6 32 35 36 37
THU 12/15/16,12 14 22 28 30
WED 12/14/16, 3  5  6 17 34
TUE 12/13/16, 9 10 20 21 26
MON 12/12/16, 3  6  7 16 18
SUN 12/11/16, 5 16 24 26 34
SAT 12/10/16, 3  8 12 16 20
FRI 12/09/16, 3  8 14 26 28
THU 12/08/16, 3  5  6 10 28
WED 12/07/16,13 20 24 29 37
TUE 12/06/16,13 16 19 22 35
MON 12/05/16,15 16 20 35 37
SUN 12/04/16, 7 10 16 26 27
TUE 11/08/16, 2  8 12 17 29
MON 11/07/16, 9 14 27 28 33
SUN 11/06/16,10 11 20 27 33
SAT 11/05/16, 7 10 21 30 33
FRI 11/04/16, 8  9 14 16 39
THU 11/03/16, 8 19 21 33 36
WED 11/02/16, 2 11 12 22 36
TUE 11/01/16,13 16 19 22 33
MON 10/31/16, 2  8 12 27 35
SUN 10/30/16, 1  4 12 15 25
SAT 10/29/16,12 17 23 24 36
FRI 10/28/16, 5  6 23 32 37
THU 10/27/16, 1  3 16 21 32
WED 10/26/16, 2  3  6 27 31
TUE 10/25/16, 6 17 21 30 37
MON 10/24/16, 1 11 23 30 32
SUN 10/23/16, 3  5  7  8 20
SAT 10/22/16, 6 21 23 29 30
FRI 10/21/16,10 25 27 28 36
THU 10/20/16, 6 10 12 28 31
WED 10/19/16,17 20 28 35 38
TUE 10/18/16, 1  4 17 20 31
MON 10/17/16,11 17 27 36 37
SUN 10/16/16, 5  8 18 30 32
SAT 10/15/16, 3  4 23 24 32
FRI 10/14/16, 7 14 15 21 23
THU 10/13/16, 3  9 22 25 28
WED 10/12/16, 4 13 14 32 37
TUE 10/11/16, 6 20 23 26 29
MON 10/10/16, 7  9 15 29 31
SUN 10/09/16,14 18 22 33 37
SAT 10/08/16, 2 14 29 32 39
FRI 10/07/16,11 15 32 37 39
THU 10/06/16, 6  7  9 31 35
WED 10/05/16,11 23 24 30 31
TUE 10/04/16, 1  2 13 23 35
MON 10/03/16, 4 10 15 16 35
SUN 10/02/16,21 23 28 35 36
SAT 10/01/16,18 20 23 24 33
FRI 09/30/16, 7 22 27 29 30
THU 09/29/16, 1 10 26 29 36
WED 09/28/16,12 20 21 28 39
TUE 09/27/16, 8  9 12 18 23
MON 09/26/16, 7  9 19 20 22
SUN 09/25/16, 3 16 17 27 28
SAT 09/24/16,18 27 32 37 38
FRI 09/23/16, 2  3 14 19 31
THU 09/22/16, 4 11 12 25 36
WED 09/21/16, 4 16 18 28 36
TUE 09/20/16,18 31 34 35 39
MON 09/19/16, 9 11 14 26 29
SUN 09/18/16, 4  5 15 19 33
SAT 09/17/16, 3  7 11 17 23
FRI 09/16/16, 1 11 13 30 35
THU 09/15/16, 9 17 23 24 35
WED 09/14/16, 4  5  9 11 31
TUE 09/13/16,13 22 26 34 38
MON 09/12/16, 2 13 18 22 28
SUN 09/11/16, 5  6 26 27 28
SAT 09/10/16, 1  3  9 11 33
FRI 09/09/16,14 17 28 30 36
THU 09/08/16,11 23 29 30 39
WED 09/07/16, 5  6 12 23 28
TUE 09/06/16, 3  5 18 33 38
MON 09/05/16, 7  9 21 25 38
SUN 09/04/16, 2  7 21 27 36
SAT 09/03/16, 2  5 10 19 32
FRI 09/02/16, 3  8 20 27 37
THU 09/01/16, 5  7 12 28 37
WED 08/31/16, 9 10 16 29 31
TUE 08/30/16, 1 19 26 29 36
MON 08/29/16, 8 11 19 26 33
SUN 08/28/16, 4  5  7 18 38
SAT 08/27/16,18 23 31 32 35
FRI 08/26/16, 3 13 21 24 26
THU 08/25/16, 3  6  8 31 38
WED 08/24/16, 5  8 18 24 27
TUE 08/23/16, 2  6 16 25 29
MON 08/22/16, 1  3 15 25 32
SUN 08/21/16, 3 11 12 22 36
SAT 08/20/16, 4  8  9 16 32
FRI 08/19/16, 4 19 29 35 39
THU 08/18/16, 4  8 15 23 29
WED 08/17/16, 3 11 12 23 31
TUE 08/16/16, 9 14 15 25 35
MON 08/15/16, 4  8  9 16 31
SUN 08/14/16, 2 17 23 33 34
SAT 08/13/16,14 16 24 27 36
FRI 08/12/16, 5  8 21 29 33
THU 08/11/16,11 19 21 23 34
WED 08/10/16, 3 18 19 21 23
TUE 08/09/16, 6 26 27 29 35
MON 08/08/16, 5 12 13 14 19
SUN 08/07/16, 1  4  7 11 29
SAT 08/06/16, 1 10 13 14 29
FRI 08/05/16, 1  6 11 19 32
THU 08/04/16, 4 15 23 27 32
WED 08/03/16, 5 17 27 37 38
TUE 08/02/16, 5 10 18 23 34
MON 08/01/16, 2 11 14 29 38
SUN 07/31/16, 6  8  9 33 36
SAT 07/30/16, 1 18 33 34 36
FRI 07/29/16, 6 16 27 28 35
THU 07/28/16, 3  8 24 34 37
WED 07/27/16, 5  7 16 18 20
TUE 07/26/16,14 15 21 23 31
MON 07/25/16,17 19 29 37 38
SUN 07/24/16, 7 11 14 18 20
SAT 07/23/16, 8 15 30 32 33
FRI 07/22/16,10 20 24 26 36
THU 07/21/16, 3 19 22 23 32
WED 07/20/16, 2 15 22 24 31
TUE 07/19/16,13 14 25 28 31
MON 07/18/16, 4 11 13 31 32
SUN 07/17/16, 2  3  9 14 38
SAT 07/16/16, 1 19 22 31 32
FRI 07/15/16, 4 10 25 29 37
THU 07/14/16,11 18 21 26 27
WED 07/13/16,15 16 29 33 34
TUE 07/12/16,12 26 27 34 38
MON 07/11/16, 9 13 21 24 30
SUN 07/10/16,12 14 21 26 36
SAT 07/09/16, 4 11 17 19 36
FRI 07/08/16, 9 11 18 24 26
THU 07/07/16,11 12 16 31 33
WED 07/06/16, 1  3 12 24 34
TUE 07/05/16,18 21 23 29 38
MON 07/04/16, 6 15 21 28 29
SUN 07/03/16, 4  8 12 20 29
SAT 07/02/16, 4  6 10 15 22
FRI 07/01/16, 4 21 25 28 31
THU 06/30/16, 3 11 26 32 33
WED 06/29/16, 5 14 18 29 33
TUE 06/28/16, 2  3 12 24 28
MON 06/27/16, 6 10 23 37 38
SUN 06/26/16, 4 21 28 29 38
SAT 06/25/16, 4  7 13 29 36
FRI 06/24/16, 5 16 21 28 29
THU 06/23/16,14 21 22 24 36
WED 06/22/16, 9 11 31 32 35
TUE 06/21/16, 1  9 13 14 19
MON 06/20/16,19 23 32 35 36
SUN 06/19/16, 8 18 27 32 34
SAT 06/18/16, 8 20 21 24 34
FRI 06/17/16, 4 14 25 35 37
THU 06/16/16, 8 14 15 35 36
WED 06/15/16,13 17 18 26 28
TUE 06/14/16, 9 10 13 25 36
MON 06/13/16,20 26 29 35 38
SUN 06/12/16, 5 18 22 26 33
SAT 06/11/16, 1 19 22 24 37
FRI 06/10/16, 6 11 14 15 26
THU 06/09/16, 5 20 28 30 33
WED 06/08/16, 2  3  6 15 34
TUE 06/07/16, 8 10 11 17 28
MON 06/06/16, 3  7 15 28 35
SUN 06/05/16, 2 20 22 23 24
SAT 06/04/16, 3 12 15 25 34
FRI 06/03/16, 4 10 28 31 32
THU 06/02/16,14 16 19 21 22
WED 06/01/16, 5 12 25 26 34
TUE 05/31/16, 4 20 21 34 38
MON 05/30/16, 7  9 24 26 38
SUN 05/29/16,13 15 29 30 31
SAT 05/28/16, 9 18 23 27 30
FRI 05/27/16, 1 11 21 36 37
THU 05/26/16, 1  2  4  9 29
WED 05/25/16,11 15 28 32 33
TUE 05/24/16, 4 17 21 37 38
MON 05/23/16,14 24 27 29 39
SUN 05/22/16, 2  3 11 12 16
SAT 05/21/16,10 17 18 33 37
FRI 05/20/16, 1  3 25 34 37
THU 05/19/16, 7  9 14 17 34
WED 05/18/16, 7 10 16 28 29
TUE 05/17/16, 9 21 24 30 39
MON 05/16/16, 1  2  5 21 22
SUN 05/15/16, 3 16 17 21 33
SAT 05/14/16, 1  2 14 22 24
FRI 05/13/16, 3  4  5 24 32
THU 05/12/16,22 29 30 31 36
WED 05/11/16, 8 12 20 24 36
TUE 05/10/16,10 30 33 36 38
MON 05/09/16,11 21 26 34 36
SUN 05/08/16, 1  4  8  9 11
SAT 05/07/16, 4  8 29 30 37
FRI 05/06/16, 7 10 13 15 18
THU 05/05/16, 2 23 26 36 39
WED 05/04/16, 9 11 26 31 32
TUE 05/03/16, 1 21 22 35 39
MON 05/02/16, 8 14 15 24 34
SUN 05/01/16,12 28 33 35 39
SAT 04/30/16, 3 14 18 19 32
FRI 04/29/16, 1  7  9 11 19
THU 04/28/16, 8 15 18 30 34
WED 04/27/16, 1 19 23 28 37
TUE 04/26/16, 3 17 29 34 36
MON 04/25/16, 6  8 14 35 38
SUN 04/24/16, 1  4  6  9 22
SAT 04/23/16,11 21 22 23 24
FRI 04/22/16, 1  9 24 30 32
THU 04/21/16, 9 12 13 18 33
WED 04/20/16,17 18 25 29 37
TUE 04/19/16, 9 10 12 19 22
MON 04/18/16, 7 17 29 32 38
SUN 04/17/16,11 27 30 31 36
SAT 04/16/16, 7 11 19 21 27
FRI 04/15/16, 1 15 23 31 36
THU 04/14/16,26 28 30 32 33
WED 04/13/16, 4 10 22 26 29
TUE 04/12/16, 6  9 21 23 30
MON 04/11/16,12 25 27 33 35
SUN 04/10/16,15 17 19 27 34
SAT 04/09/16, 2 10 21 34 37
FRI 04/08/16,19 24 36 37 39
THU 04/07/16, 3 17 18 19 38
WED 04/06/16,11 23 25 27 36
TUE 04/05/16, 1  6 19 26 38
MON 04/04/16, 9 12 15 26 37
SUN 04/03/16, 9 13 20 26 36
SAT 04/02/16, 7 16 18 23 31
FRI 04/01/16, 6 12 31 36 39
THU 03/31/16,10 14 25 26 33
WED 03/30/16, 3 10 12 17 29
TUE 03/29/16, 3  9 11 26 33
MON 03/28/16, 6 12 23 28 39
SUN 03/27/16, 4 16 26 27 31
SAT 03/26/16, 4  7 34 35 37
FRI 03/25/16, 3  7  8 17 19
THU 03/24/16, 5 30 32 33 37
WED 03/23/16, 1 24 27 29 38
TUE 03/22/16,16 22 29 31 33
MON 03/21/16, 2 10 15 26 34
SUN 03/20/16, 3  4 14 32 33
SAT 03/19/16, 8 11 18 24 31
FRI 03/18/16, 1 11 18 21 31
THU 03/17/16,11 17 27 32 38
WED 03/16/16, 8 19 29 32 37
TUE 03/15/16, 1  8  9 10 26
MON 03/14/16, 1  8  9 33 39
SUN 03/13/16, 6  7 20 26 39
SAT 03/12/16, 8 16 19 29 39
FRI 03/11/16, 7  8 17 20 30
THU 03/10/16, 1 11 28 37 38
WED 03/09/16, 9 13 17 28 37
TUE 03/08/16, 5 12 17 19 37
MON 03/07/16, 5  9 11 12 20
SUN 03/06/16,11 21 27 33 38
SAT 03/05/16, 3  9 10 28 38
FRI 03/04/16, 6 12 14 25 36
THU 03/03/16,18 29 30 32 39
WED 03/02/16, 3  4  6 13 27
TUE 03/01/16, 6 11 12 23 28
MON 02/29/16, 3  6  7  9 21
SUN 02/28/16, 4  5  7 33 34
SAT 02/27/16, 6 11 20 37 38
FRI 02/26/16, 1  5  9 19 25
THU 02/25/16,11 15 17 21 30
WED 02/24/16, 4 12 19 35 39
TUE 02/23/16,12 17 27 29 37
MON 02/22/16,26 28 29 31 36
SUN 02/21/16, 5  6  8 11 25
SAT 02/20/16, 1  2 19 29 34
FRI 02/19/16,17 23 33 37 38
THU 02/18/16,12 15 29 32 37
WED 02/17/16, 4 11 20 26 37
TUE 02/16/16, 5 12 14 17 30
MON 02/15/16,10 20 21 23 27
SUN 02/14/16, 1  8 11 14 36
SAT 02/13/16, 5 22 28 35 38
FRI 02/12/16,12 16 24 25 38
THU 02/11/16,15 23 26 34 37
WED 02/10/16, 1 15 19 24 33
TUE 02/09/16, 2 12 16 17 29
MON 02/08/16,24 27 37 38 39
SUN 02/07/16, 3  7 13 31 34
SAT 02/06/16,19 23 31 33 38
FRI 02/05/16, 9 16 18 22 38
THU 02/04/16, 7  8 21 23 35
WED 02/03/16, 5  8 10 23 26
TUE 02/02/16, 9 21 24 34 38
MON 02/01/16, 1  5 12 24 33
SUN 01/31/16, 7  9 16 32 34
SAT 01/30/16, 6 13 24 31 36
FRI 01/29/16, 3  4 19 21 38
THU 01/28/16,10 18 20 32 39
WED 01/27/16,13 20 22 31 34
TUE 01/26/16, 6 14 29 30 32
MON 01/25/16,13 16 17 31 36
SUN 01/24/16, 1 18 26 36 38
SAT 01/23/16, 6  9 16 30 32
FRI 01/22/16, 5 12 20 25 31
THU 01/21/16,12 21 24 28 32
WED 01/20/16, 1  6 14 20 29
TUE 01/19/16, 8 19 28 30 36
MON 01/18/16,21 24 30 35 38
SUN 01/17/16,14 15 18 21 32
SAT 01/16/16, 7 11 12 13 27
FRI 01/15/16, 4  8 10 27 35
THU 01/14/16, 7 10 15 16 32
WED 01/13/16, 2 18 35 36 37
TUE 01/12/16, 6  9 17 24 29
MON 01/11/16, 5 22 29 31 39
SUN 01/10/16,11 29 32 34 35
SAT 01/09/16,10 11 25 30 34
FRI 01/08/16, 2  5 23 29 35
THU 01/07/16, 4 27 29 35 39
WED 01/06/16, 1  3 11 13 27
TUE 01/05/16, 7 12 15 18 21
MON 01/04/16, 1  3 10 22 23
SUN 01/03/16,10 11 19 23 33
SAT 01/02/16, 2  3 11 18 39
FRI 01/01/16, 3  9 13 20 28
THU 12/31/15, 6  7 11 14 39
WED 12/30/15, 1  3  6 23 26
TUE 12/29/15,14 19 21 34 36
MON 12/28/15, 8 21 23 30 34
SUN 12/27/15, 7 12 23 36 38
SAT 12/26/15,21 23 28 29 32
FRI 12/25/15, 2  4 18 20 34
THU 12/24/15, 2  6 16 19 23
WED 12/23/15, 5  7 12 17 29
TUE 12/22/15,10 13 24 26 27
MON 12/21/15, 6  9 11 15 28
SUN 12/20/15, 2 22 26 37 39
SAT 12/19/15, 2 15 32 34 36
FRI 12/18/15, 8 11 27 38 39
THU 12/17/15, 2  5 11 19 26
WED 12/16/15,12 14 20 27 38
TUE 12/15/15, 5 11 28 29 31
MON 12/14/15, 3 15 20 25 30
SUN 12/13/15, 5  7 26 27 34
SAT 12/12/15, 1 16 19 27 31
FRI 12/11/15, 1  4 15 17 27
THU 12/10/15,22 25 27 30 33
WED 12/09/15, 1 15 33 37 39
TUE 12/08/15, 3  9 24 29 36
MON 12/07/15, 6 19 24 34 35
SUN 12/06/15, 1  7 25 31 33
SAT 12/05/15, 9 12 18 30 39
FRI 12/04/15, 3  7  8 27 34
THU 12/03/15,14 24 25 27 31
WED 12/02/15,13 22 25 27 28
TUE 12/01/15, 3 19 25 26 31
MON 11/30/15, 1  5 21 24 31
SUN 11/29/15, 5 17 19 26 31
SAT 11/28/15,16 18 24 27 36
FRI 11/27/15, 6 21 22 33 35
THU 11/26/15, 1  8  9 23 32
WED 11/25/15, 9 18 24 26 35
TUE 11/24/15, 7 19 22 30 39
MON 11/23/15, 1  4 14 29 34
SUN 11/22/15, 8 13 16 30 39
SAT 11/21/15,11 12 22 23 30
FRI 11/20/15, 8 17 18 20 38
THU 11/19/15,10 29 33 34 38
WED 11/18/15,19 23 34 35 39
TUE 11/17/15, 9 13 18 21 37
MON 11/16/15, 8 15 20 26 29
SUN 11/15/15, 2 12 22 28 33
SAT 11/14/15, 8 17 18 22 30
FRI 11/13/15, 3 16 22 23 33
THU 11/12/15, 8 14 25 26 39
WED 11/11/15, 3  4 13 19 22
TUE 11/10/15, 7  8 11 26 36
MON 11/09/15, 5  6 18 36 38
SUN 11/08/15, 1 17 21 37 38
SAT 11/07/15,15 22 24 27 33
FRI 11/06/15, 4 14 17 20 37
THU 11/05/15, 2  6 21 28 36
WED 11/04/15, 5 19 23 33 34
TUE 11/03/15,13 15 22 23 27
MON 11/02/15, 4 12 26 34 39
SUN 11/01/15,11 22 25 35 38
SAT 10/31/15, 6  9 12 16 36
FRI 10/30/15, 4  9 19 24 33
THU 10/29/15, 8 11 21 31 36
WED 10/28/15, 6  7 25 31 36
TUE 10/27/15, 2  9 10 24 38
MON 10/26/15,24 25 27 28 39
SUN 10/25/15, 1 16 25 28 38
SAT 10/24/15,17 18 28 29 36
FRI 10/23/15, 2  6 11 23 31
THU 10/22/15,29 30 32 34 38
WED 10/21/15, 3  8 12 16 38
TUE 10/20/15, 9 25 27 29 31
MON 10/19/15, 9 11 33 37 38
SUN 10/18/15, 2  7 11 23 25
SAT 10/17/15, 7 25 30 32 34
FRI 10/16/15, 1  8 13 20 32
THU 10/15/15, 1 10 17 24 30
WED 10/14/15, 7 10 15 21 24
TUE 10/13/15,12 13 24 31 36
MON 10/12/15, 6 18 21 27 31
SUN 10/11/15, 9 16 20 29 32
SAT 10/10/15, 1  3  7 20 32
FRI 10/09/15, 7 12 14 24 38
THU 10/08/15, 3  4 14 15 35
WED 10/07/15,12 13 20 25 27
TUE 10/06/15, 7  9 17 18 37
MON 10/05/15, 8 22 23 34 35
SUN 10/04/15,19 30 32 34 35
SAT 10/03/15, 5 16 26 28 30
FRI 10/02/15, 4 17 19 26 29
THU 10/01/15, 7 12 15 32 33
WED 09/30/15, 5  9 10 33 38
TUE 09/29/15,17 23 34 36 37
MON 09/28/15, 2  4  8  9 38
SUN 09/27/15, 8 11 22 24 39
SAT 09/26/15,12 25 26 28 33
FRI 09/25/15, 8 17 23 24 30
THU 09/24/15, 3  4 11 29 32
WED 09/23/15, 9 20 29 30 31
TUE 09/22/15,23 25 26 27 34
MON 09/21/15,13 21 23 32 38
SUN 09/20/15,16 17 21 29 32
SAT 09/19/15,24 28 33 34 38
FRI 09/18/15, 9 17 20 24 27
THU 09/17/15, 9 10 23 28 33
WED 09/16/15, 3  7  8 24 34
TUE 09/15/15, 4 20 27 29 33
MON 09/14/15, 3  5 10 12 22
SUN 09/13/15, 2 10 20 24 29
SAT 09/12/15, 2 12 15 17 35
FRI 09/11/15,11 25 31 35 38
THU 09/10/15, 4  7 14 24 30
WED 09/09/15, 4 10 28 31 34
TUE 09/08/15, 1  6 14 20 28
MON 09/07/15, 4  7 14 18 22
SUN 09/06/15, 4  9 11 24 30
SAT 09/05/15,11 14 23 24 39
FRI 09/04/15, 2 18 20 21 25
THU 09/03/15, 4  6 12 27 35
WED 09/02/15,12 14 18 22 25
TUE 09/01/15, 5  9 12 25 37
MON 08/31/15, 1  2 10 11 19
SUN 08/30/15,11 21 28 37 39
SAT 08/29/15, 3 13 14 32 35
FRI 08/28/15, 3  9 11 28 34
THU 08/27/15, 3 15 21 26 27
WED 08/26/15, 1 13 15 20 37
TUE 08/25/15,12 17 20 25 36
MON 08/24/15, 4  7  8 23 29
SUN 08/23/15, 4  6  9 25 36
SAT 08/22/15, 3 20 22 23 33
FRI 08/21/15, 9 10 11 21 34
THU 08/20/15, 2  3 18 36 38
WED 08/19/15, 2 11 15 34 37
TUE 08/18/15, 7 11 27 31 39
MON 08/17/15, 5 13 20 34 36
SUN 08/16/15, 4  8 13 22 35
SAT 08/15/15,18 27 34 37 39
FRI 08/14/15, 5 12 24 35 36
THU 08/13/15, 1  7 17 24 26
WED 08/12/15,20 21 29 34 36
TUE 08/11/15, 5 14 15 20 30
MON 08/10/15, 3  5  9 11 23
SUN 08/09/15, 6 10 12 19 38
SAT 08/08/15, 4  7 35 36 37
FRI 08/07/15, 9 11 15 19 28
THU 08/06/15, 6  9 20 30 32
WED 08/05/15,13 16 21 29 32
TUE 08/04/15, 4  5  6 16 20
MON 08/03/15, 6 17 20 23 39
SUN 08/02/15, 7  8 13 14 36
SAT 08/01/15, 4 14 25 33 35
FRI 07/31/15, 2 10 20 21 34
THU 07/30/15, 3  9 17 27 28
WED 07/29/15, 2  6  8 21 28
TUE 07/28/15, 2  4 18 29 33
MON 07/27/15,19 23 32 34 36
SUN 07/26/15, 2 12 13 31 34
SAT 07/25/15, 1  3 11 14 24
FRI 07/24/15, 6 12 15 29 31
THU 07/23/15, 2  4 23 25 30
WED 07/22/15, 3  5  9 16 34
TUE 07/21/15, 3 24 27 31 33
MON 07/20/15, 5 28 29 30 31
SUN 07/19/15, 2  5  7 15 36
SAT 07/18/15, 6  7 23 33 34
FRI 07/17/15, 2  4 17 33 39
THU 07/16/15, 6 16 20 22 29
WED 07/15/15, 2 14 23 34 36
TUE 07/14/15, 3 10 15 20 32
MON 07/13/15,13 17 21 25 27
SUN 07/12/15, 2  7  8 15 37
SAT 07/11/15, 6 21 24 28 30
FRI 07/10/15, 8 11 15 21 27
THU 07/09/15, 1  8 18 20 34
WED 07/08/15,16 34 35 36 37
TUE 07/07/15, 2  5 17 20 35
MON 07/06/15, 3 16 27 30 37
SUN 07/05/15, 3  6  9 10 39
SAT 07/04/15,16 23 27 35 38
FRI 07/03/15, 5 23 24 31 35
THU 07/02/15, 5 12 18 21 30
WED 07/01/15, 1  2  6 17 33
TUE 06/30/15,13 19 29 31 32
MON 06/29/15, 8 15 16 30 32
SUN 06/28/15, 7  8 28 36 38
SAT 06/27/15,13 16 27 28 32
FRI 06/26/15,15 17 19 22 36
THU 06/25/15, 5 19 20 29 36
WED 06/24/15, 9 12 21 28 37
TUE 06/23/15, 4  7 19 34 36
MON 06/22/15, 6 12 15 22 31
SUN 06/21/15,15 17 25 31 38
SAT 06/20/15,10 11 16 32 39
FRI 06/19/15,13 15 26 27 38
THU 06/18/15, 5  9 20 26 32
WED 06/17/15,13 25 32 36 38
TUE 06/16/15, 5 16 20 31 38
MON 06/15/15, 5  6 15 27 34
SUN 06/14/15, 6 13 22 34 36
SAT 06/13/15, 8 10 14 26 33
FRI 06/12/15, 8 15 18 27 34
THU 06/11/15,11 12 15 20 26
WED 06/10/15, 2  7 14 24 30
TUE 06/09/15,22 28 32 33 39
MON 06/08/15, 6 14 21 27 35
SUN 06/07/15, 4 12 22 26 27
SAT 06/06/15, 2 10 17 18 27
FRI 06/05/15, 1  9 22 36 38
THU 06/04/15, 1 11 21 32 33
WED 06/03/15, 8 11 14 16 29
TUE 06/02/15, 6  9 12 32 38
MON 06/01/15, 5 17 29 35 37
SUN 05/31/15, 6  7 18 19 31
SAT 05/30/15, 4  8 22 23 37
FRI 05/29/15,14 16 17 31 34
THU 05/28/15,10 12 24 36 38
WED 05/27/15, 2  4  7 17 31
TUE 05/26/15, 2  5 10 16 22
MON 05/25/15,12 15 28 32 34
SUN 05/24/15, 3  4  9 27 30
SAT 05/23/15, 2  3 10 12 39
FRI 05/22/15, 4 18 24 25 38
THU 05/21/15, 6 13 19 30 35
WED 05/20/15, 1 18 23 31 32
TUE 05/19/15, 2 18 26 33 38
MON 05/18/15,11 12 17 20 22
SUN 05/17/15, 3 11 22 25 30
SAT 05/16/15,13 20 21 27 34
FRI 05/15/15,10 25 26 27 33
THU 05/14/15, 5  6  9 23 25
WED 05/13/15, 2 11 22 29 31
TUE 05/12/15, 8 13 16 19 27
MON 05/11/15, 4 15 32 38 39
SUN 05/10/15, 7  8 11 24 35
SAT 05/09/15, 9 23 25 33 35
FRI 05/08/15,12 20 26 36 37
THU 05/07/15, 1  5 15 27 30
WED 05/06/15, 6  8 11 24 36
TUE 05/05/15, 3  9 22 29 37
MON 05/04/15, 1 10 19 30 35
SUN 05/03/15,11 12 13 22 30
SAT 05/02/15, 4 12 29 37 38
FRI 05/01/15, 3 15 20 21 37
THU 04/30/15, 1  8 10 14 19
WED 04/29/15,17 19 30 36 38
TUE 04/28/15, 9 10 13 26 34
MON 04/27/15,18 28 35 36 37
SUN 04/26/15, 9 20 24 26 28
SAT 04/25/15, 1  4  5  8 30
FRI 04/24/15, 6 12 31 35 39
THU 04/23/15, 2  4  7 11 34
WED 04/22/15, 9 14 25 27 29
TUE 04/21/15,14 17 24 27 38
MON 04/20/15, 7 11 18 20 25
SUN 04/19/15, 3  5  7 26 39
SAT 04/18/15, 1  5  9 30 35
FRI 04/17/15, 2  8 11 14 23
THU 04/16/15,26 29 32 35 38
WED 04/15/15, 7  8 14 21 28
TUE 04/14/15, 7 14 23 27 36
MON 04/13/15, 4 10 18 28 38
SUN 04/12/15, 8 11 17 18 32
SAT 04/11/15,18 19 23 29 30
FRI 04/10/15, 2  5 19 21 27
THU 04/09/15, 6  8 25 27 29
WED 04/08/15, 1  2  5 33 35
TUE 04/07/15, 2  7 11 19 33
MON 04/06/15, 6  9 17 33 35
SUN 04/05/15, 3  8 15 25 29
SAT 04/04/15, 3 10 14 19 35
FRI 04/03/15, 4  7 16 30 36
THU 04/02/15, 4  9 11 32 38
WED 04/01/15, 1  4 32 33 35
TUE 03/31/15, 4  5 30 34 35
MON 03/30/15,13 14 18 22 27
SUN 03/29/15,15 16 18 20 30
SAT 03/28/15, 3  9 10 23 39
FRI 03/27/15, 8 13 14 16 25
THU 03/26/15,10 16 25 28 34
WED 03/25/15, 8 14 15 28 36
TUE 03/24/15, 9 15 20 32 38
MON 03/23/15, 1 10 20 21 39
SUN 03/22/15,10 14 16 26 29
SAT 03/21/15, 9 13 26 29 33
FRI 03/20/15, 5  9 23 31 39
THU 03/19/15, 1  9 10 24 32
WED 03/18/15,12 15 22 33 39
TUE 03/17/15, 1 15 26 30 33
MON 03/16/15, 1  7 11 12 36
SUN 03/15/15, 1 10 16 18 32
SAT 03/14/15, 1 15 22 26 34
FRI 03/13/15,11 20 21 24 31
THU 03/12/15, 5 13 18 25 38
WED 03/11/15, 6 13 15 17 36
TUE 03/10/15, 1  9 14 20 23
MON 03/09/15, 3 17 21 28 36
SUN 03/08/15, 5 34 35 37 39
SAT 03/07/15, 8 15 21 25 31
FRI 03/06/15, 6 12 28 31 32
THU 03/05/15,11 14 25 26 33
WED 03/04/15, 8 10 11 21 31
TUE 03/03/15, 2  7 24 37 39
MON 03/02/15, 3  6  7 23 38
SUN 03/01/15, 6 13 20 21 25
SAT 02/28/15, 6 23 27 29 38
FRI 02/27/15, 4  8 14 26 30
THU 02/26/15, 5  7 11 13 37
WED 02/25/15, 2  9 11 19 25
TUE 02/24/15, 2  7  9 10 21
MON 02/23/15, 3  8 18 35 39
SUN 02/22/15, 5 13 19 20 22
SAT 02/21/15, 4 22 30 32 37
FRI 02/20/15, 3 15 24 25 39
THU 02/19/15,10 13 16 33 36
WED 02/18/15, 8 17 28 32 37
TUE 02/17/15, 6 12 25 31 37
MON 02/16/15, 7 12 25 32 36
SUN 02/15/15, 1 26 30 33 35
