Day - Draw, Date, Pick 3, Pick 4, Pick 5, Classic Lotto, Kicker, Rolling Cash 5, Mega Millions, Powerball, Lucky For Life
FRI - MID, 1/1/2021, 934, 6235, 19478, , , , , ,
FRI - EVE, 1/1/2021, 097, 9759, 03479, , , 6 7 36 38 39 $110000.00, 8 24 53 68 69 +7 x5 $401.00 M/0, ,
SAT - MID, 1/2/2021, 773, 1966, 68312, , , , , ,
SAT - EVE, 1/2/2021, 119, 3872, 23417, 11 21 22 26 28 43 $2.60 M/0, 529889, 1 16 27 29 38 $100000.00, , 3 4 11 41 67 +5 x2 $384.00 M/0,
SUN - MID, 1/3/2021, 137, 2774, 64559, , , , , ,
SUN - EVE, 1/3/2021, 733, 2185, 79382, , , 5 11 16 27 38 $110000.00, , ,
MON - MID, 1/4/2021, 374, 9037, 17398, , , , , ,
MON - EVE, 1/4/2021, 824, 9581, 41404, 15 23 26 27 34 36 $2.70 M/0, 346521, 1 5 22 23 24 $100000.00, , ,2 12 21 26 46 +70
TUE - MID, 1/5/2021, 054, 2491, 45290, , , , , ,
TUE - EVE, 1/5/2021, 801, 6826, 72036, , , 4 6 10 25 27 $110000.00, 20 43 51 55 57 +4 x2 $447.00 M/0, ,
WED - MID, 1/6/2021, 828, 2220, 55316, , , , , ,
WED - EVE, 1/6/2021, 723, 6344, 35846, 2 16 17 23 44 45 $2.80 M/0, 337849, 1 9 15 34 39 $120000.00, , 1 20 22 60 66 +3 x3 $410.00 M/0,
THU - MID, 1/7/2021, 662, 1618, 40494, , , , , ,
THU - EVE, 1/7/2021, 111, 7964, 55447, , , 6 11 18 21 24 $130000.00, , ,3 20 25 28 30 +180
FRI - MID, 1/8/2021, 163, 3874, 12802, , , , , ,
FRI - EVE, 1/8/2021, 032, 5152, 52626, , , 12 18 20 23 37 $140000.00, 3 6 16 18 58 +11 x2 $520.00 M/0, ,
SAT - MID, 1/9/2021, 581, 3166, 75758, , , , , ,
SAT - EVE, 1/9/2021, 655, 6677, 86340, 12 21 32 37 45 48 $2.90 M/0, 249905, 10 18 20 22 29 $154000.00, , 14 26 38 45 46 +13 x2 $470.00 M/0,
SUN - MID, 1/10/2021, 586, 0492, 39198, , , , , ,
SUN - EVE, 1/10/2021, 664, 3628, 63161, , , 3 10 24 35 36 $100000.00, , ,
MON - MID, 1/11/2021, 953, 9072, 39371, , , , , ,
MON - EVE, 1/11/2021, 658, 7662, 12486, 12 16 23 33 42 49 $3.00 M/0, 602561, 9 15 26 30 37 $110000.00, , ,1 8 20 37 39 +80
TUE - MID, 1/12/2021, 749, 8068, 23945, , , , , ,
TUE - EVE, 1/12/2021, 565, 1129, 90941, , , 1 6 20 34 37 $120000.00, 12 14 26 28 33 +9 x2 $625.00 M/0, ,
WED - MID, 1/13/2021, 881, 9263, 53827, , , , , ,
WED - EVE, 1/13/2021, 196, 1882, 46725, 2 4 12 29 30 44 $3.10 M/0, 861932, 5 19 21 24 28 $130000.00, , 4 19 23 25 49 +14 x2 $550.00 M/0,
THU - MID, 1/14/2021, 979, 0036, 25276, , , , , ,
THU - EVE, 1/14/2021, 835, 4086, 18938, , , 3 9 23 28 33 $140000.00, , ,3 16 20 21 47 +100
FRI - MID, 1/15/2021, 646, 3762, 60867, , , , , ,
FRI - EVE, 1/15/2021, 831, 7285, 33108, , , 2 12 20 24 37 $164000.00, 3 11 12 38 43 +15 x4 $750.00 M/0, ,
SAT - MID, 1/16/2021, 548, 5261, 54876, , , , , ,
SAT - EVE, 1/16/2021, 139, 3841, 57800, 1 17 32 33 37 43 $3.20 M/0, 272550, 1 3 29 33 35 $205000.00, , 14 20 39 65 67 +2 x3 $640.00 M/0,
SUN - MID, 1/17/2021, 408, 4636, 81898, , , , , ,
SUN - EVE, 1/17/2021, 641, 2117, 51633, , , 1 9 33 34 36 $262000.00, , ,
MON - MID, 1/18/2021, 200, 7462, 54993, , , , , ,
MON - EVE, 1/18/2021, 162, 0722, 71777, 5 18 19 20 29 31 $3.30 M/0, 593099, 5 12 19 32 39 $316000.00, , ,2 13 14 19 31 +70
TUE - MID, 1/19/2021, 831, 3945, 87749, , , , , ,
TUE - EVE, 1/19/2021, 912, 2096, 68571, , , 5 10 22 32 39 $371000.00, 10 19 26 28 50 +16 x2 $865.00 M/0, ,
WED - MID, 1/20/2021, 621, 6567, 54423, , , , , ,
WED - EVE, 1/20/2021, 875, 6770, 93088, 3 8 10 16 46 47 $3.40 M/0, 738757, 3 10 11 28 38 $100000.00, , 40 53 60 68 69 +22 x3 $730.00 M/1,
THU - MID, 1/21/2021, 473, 1128, 48403, , , , , ,
THU - EVE, 1/21/2021, 243, 1062, 26608, , , 1 11 16 18 33 $110000.00, , ,11 15 26 34 47 +150
FRI - MID, 1/22/2021, 566, 4043, 76832, , , , , ,
FRI - EVE, 1/22/2021, 280, 2828, 55571, , , 17 21 30 31 36 $120000.00, 4 26 42 50 60 +24 x2 $1000.00 M/1, ,
SAT - MID, 1/23/2021, 765, 1117, 64774, , , , , ,
SAT - EVE, 1/23/2021, 141, 6262, 18277, 1 7 14 22 34 46 $3.50 M/0, 327734, 8 9 11 14 39 $130000.00, , 5 8 17 27 28 +14 x3 $20.00 M/1,
SUN - MID, 1/24/2021, 026, 4767, 71770, , , , , ,
SUN - EVE, 1/24/2021, 510, 5418, 98746, , , 2 17 20 24 38 $140000.00, , ,
MON - MID, 1/25/2021, 450, 2132, 10486, , , , , ,
MON - EVE, 1/25/2021, 480, 8997, 75811, 9 23 27 38 42 44 $3.60 M/0, 236818, 5 14 19 22 31 $100000.00, , ,1 24 28 34 41 +20
TUE - MID, 1/26/2021, 687, 9793, 30985, , , , , ,
TUE - EVE, 1/26/2021, 938, 9233, 59176, , , 3 11 12 35 37 $110000.00, 29 49 56 66 67 +24 x3 $20.00 M/0, ,
WED - MID, 1/27/2021, 678, 9105, 24215, , , , , ,
WED - EVE, 1/27/2021, 340, 4361, 90806, 16 20 21 34 36 41 $3.70 M/0, 520135, 9 16 17 22 28 $120000.00, , 17 33 35 42 52 +9 x3 $20.00 M/0,
THU - MID, 1/28/2021, 053, 8354, 94290, , , , , ,
THU - EVE, 1/28/2021, 836, 1646, 73831, , , 3 8 22 28 34 $130000.00, , ,2 19 24 26 31 +10
FRI - MID, 1/29/2021, 931, 9238, 20524, , , , , ,
FRI - EVE, 1/29/2021, 906, 8687, 89441, , , 10 19 21 24 39 $140000.00, 4 44 58 59 70 +3 x3 $25.00 M/0, ,
SAT - MID, 1/30/2021, 070, 2915, 06464, , , , , ,
SAT - EVE, 1/30/2021, 825, 6566, 08232, 7 28 30 32 33 47 $3.80 M/0, 837949, 6 11 17 22 33 $161000.00, , 1 2 7 52 61 +4 x3 $30.00 M/1,
SUN - MID, 1/31/2021, 695, 7418, 84786, , , , , ,
SUN - EVE, 1/31/2021, 011, 8107, 09657, , , 4 7 20 26 37 $100000.00, , ,
MON - MID, 2/1/2021, 409, 2386, 48820, , , , , ,
MON - EVE, 2/1/2021, 915, 6121, 64562, 7 14 36 37 47 49 $3.90 M/0, 430179, 3 8 10 14 22 $110000.00, , ,15 17 27 30 39 +20
TUE - MID, 2/2/2021, 090, 0673, 62084, , , , , ,
TUE - EVE, 2/2/2021, 431, 2658, 40189, , , 3 22 25 31 38 $100000.00, 13 37 38 40 67 +10 x2 $42.00 M/0, ,
WED - MID, 2/3/2021, 148, 6966, 26979, , , , , ,
WED - EVE, 2/3/2021, 509, 6360, 89186, 23 27 29 40 43 48 $4.00 M/0, 392672, 7 9 24 32 33 $110000.00, , 5 37 40 64 66 +5 x3 $20.00 M/0,
THU - MID, 2/4/2021, 390, 3845, 44558, , , , , ,
THU - EVE, 2/4/2021, 570, 5047, 85530, , , 7 18 21 33 38 $120000.00, , ,3 9 13 24 40 +160
FRI - MID, 2/5/2021, 108, 5359, 78259, , , , , ,
FRI - EVE, 2/5/2021, 857, 5360, 69653, , , 8 20 21 26 30 $130000.00, 14 17 28 29 44 +2 x4 $54.00 M/0, ,
SAT - MID, 2/6/2021, 120, 4848, 88712, , , , , ,
SAT - EVE, 2/6/2021, 399, 4127, 85704, 13 31 38 42 43 47 $4.10 M/0, 539719, 9 13 15 20 32 $140000.00, , 1 16 48 49 65 +8 x2 $30.00 M/0,
SUN - MID, 2/7/2021, 580, 2923, 70515, , , , , ,
SUN - EVE, 2/7/2021, 048, 4500, 54883, , , 2 13 24 26 32 $180000.00, , ,
MON - MID, 2/8/2021, 445, 9501, 00967, , , , , ,
MON - EVE, 2/8/2021, 584, 4499, 27333, 1 39 41 44 47 49 $4.20 M/0, 852588, 5 27 28 29 30 $219000.00, , ,2 12 22 24 26 +110
TUE - MID, 2/9/2021, 038, 9838, 79399, , , , , ,
TUE - EVE, 2/9/2021, 496, 1773, 19765, , , 10 12 19 26 35 $100000.00, 7 18 21 31 40 +9 x4 $68.00 M/0, ,
WED - MID, 2/10/2021, 128, 4060, 86415, , , , , ,
WED - EVE, 2/10/2021, 995, 8137, 07461, 3 9 19 22 29 31 $4.30 M/0, 425743, 9 14 15 16 36 $110000.00, , 15 39 58 63 67 +7 x2 $42.00 M/0,
THU - MID, 2/11/2021, 728, 8303, 72245, , , , , ,
THU - EVE, 2/11/2021, 535, 1266, 60814, , , 13 21 30 37 38 $120000.00, , ,7 9 15 31 39 +11
FRI - MID, 2/12/2021, 206, 9665, 67298, , , , , ,
FRI - EVE, 2/12/2021, 769, 4270, 05491, , , 2 7 10 28 39 $130000.00, 5 14 24 25 27 +14 x3 $82.00 M/0, ,
SAT - MID, 2/13/2021, 227, 5432, 53559, , , , , ,
SAT - EVE, 2/13/2021, 651, 9488, 57382, 13 21 25 29 32 45 $4.40 M/0, 368386, 14 16 19 32 34 $140000.00, , 20 28 33 63 68 +20 x2 $56.00 M/0,
SUN - MID, 2/14/2021, 180, 0031, 07803, , , , , ,
SUN - EVE, 2/14/2021, 514, 2958, 54429, , , 9 10 15 21 38 $182000.00, , ,
MON - MID, 2/15/2021, 278, 4548, 72219, , , , , ,
MON - EVE, 2/15/2021, 503, 4691, 97666, 10 16 17 25 46 49 $4.50 M/0, 758173, 8 15 20 27 29 $223000.00, , ,1 21 22 34 45 +110
TUE - MID, 2/16/2021, 690, 2451, 68805, , , , , ,
TUE - EVE, 2/16/2021, 806, 9108, 77633, , , 10 14 15 30 39 $266000.00, 1 36 44 54 66 +10 x3 $96.00 M/1, ,
WED - MID, 2/17/2021, 112, 9177, 03639, , , , , ,
WED - EVE, 2/17/2021, 318, 2773, 00235, 3 16 21 25 37 42 $4.60 M/0, 924476, 5 10 27 30 39 $316000.00, , 1 15 21 32 46 +1 x3 $66.00 M/0,
THU - MID, 2/18/2021, 498, 5453, 05580, , , , , ,
THU - EVE, 2/18/2021, 946, 2083, 18828, , , 13 19 25 28 30 $374000.00, , ,10 11 17 27 32 +150
FRI - MID, 2/19/2021, 021, 7989, 35624, , , , , ,
FRI - EVE, 2/19/2021, 904, 0398, 79894, , , 3 13 17 21 37 $430000.00, 27 32 47 50 53 +4 x4 $20.00 M/0, ,
SAT - MID, 2/20/2021, 961, 4049, 46318, , , , , ,
SAT - EVE, 2/20/2021, 859, 2968, 22923, 1 2 15 17 32 43 $4.70 M/0, 498731, 7 31 34 36 38 $505000.00, , 4 8 22 32 58 +4 x10 $78.00 M/0,
SUN - MID, 2/21/2021, 043, 7394, 99214, , , , , ,
SUN - EVE, 2/21/2021, 266, 8897, 58921, , , 1 4 30 38 39 $100000.00, , ,
MON - MID, 2/22/2021, 954, 0115, 84307, , , , , ,
MON - EVE, 2/22/2021, 119, 1133, 46141, 1 4 17 28 31 32 $4.80 M/0, 983784, 6 9 25 31 34 $110000.00, , ,2 10 12 43 45 +10
TUE - MID, 2/23/2021, 027, 0538, 21607, , , , , ,
TUE - EVE, 2/23/2021, 651, 7752, 89301, , , 13 19 24 32 39 $120000.00, 5 7 9 20 57 +15 x3 $22.00 M/0, ,
WED - MID, 2/24/2021, 473, 0925, 11301, , , , , ,
WED - EVE, 2/24/2021, 890, 6655, 55348, 24 25 26 30 39 42 $4.90 M/0, 496683, 1 2 21 33 36 $130000.00, , 4 33 43 53 65 +21 x3 $90.00 M/0,
THU - MID, 2/25/2021, 894, 1292, 76950, , , , , ,
THU - EVE, 2/25/2021, 757, 2125, 80398, , , 4 8 10 24 38 $149000.00, , ,16 34 35 38 45 +10
FRI - MID, 2/26/2021, 535, 0195, 67577, , , , , ,
FRI - EVE, 2/26/2021, 284, 2517, 52253, , , 5 10 27 28 32 $100000.00, 11 15 37 62 64 +5 x2 $30.00 M/0, ,
SAT - MID, 2/27/2021, 030, 1717, 84806, , , , , ,
SAT - EVE, 2/27/2021, 087, 5631, 12560, 4 10 12 19 24 31 $5.00 M/0, 188693, 9 10 13 33 36 $110000.00, , 2 28 31 44 52 +18 x3 $106.00 M/0,
SUN - MID, 2/28/2021, 757, 9331, 22596, , , , , ,
SUN - EVE, 2/28/2021, 391, 7349, 53649, , , 1 2 10 11 27 $100000.00, , ,
MON - MID, 3/1/2021, 265, 8188, 74006, , , , , ,
MON - EVE, 3/1/2021, 637, 9369, 78009, 1 4 14 25 34 38 $5.10 M/0, 517663, 10 13 25 31 33 $100000.00, , ,5 11 17 26 47 +30
TUE - MID, 3/2/2021, 338, 6227, 59384, , , , , ,
TUE - EVE, 3/2/2021, 127, 7979, 19784, , , 3 13 17 27 28 $110000.00, 4 8 13 34 64 +18 x2 $43.00 M/0, ,
WED - MID, 3/3/2021, 505, 5717, 52786, , , , , ,
WED - EVE, 3/3/2021, 070, 1874, 64936, 15 20 30 36 37 48 $5.20 M/0, 353676, 1 4 9 23 26 $120000.00, , 21 40 44 50 55 +16 x3 $123.00 M/0,
THU - MID, 3/4/2021, 921, 3843, 79188, , , , , ,
THU - EVE, 3/4/2021, 254, 0025, 66754, , , 8 9 22 27 36 $130000.00, , ,2 5 32 35 37 +20
FRI - MID, 3/5/2021, 160, 2389, 96716, , , , , ,
FRI - EVE, 3/5/2021, 873, 2308, 32579, , , 11 14 17 33 37 $140000.00, 10 11 17 27 54 +20 x2 $55.00 M/0, ,
SAT - MID, 3/6/2021, 528, 5459, 03491, , , , , ,
SAT - EVE, 3/6/2021, 668, 8540, 87704, 8 10 20 35 39 41 $5.30 M/0, 428559, 16 18 28 30 37 $150000.00, , 11 31 50 52 58 +18 x4 $138.00 M/0,
SUN - MID, 3/7/2021, 931, 1248, 90633, , , , , ,
SUN - EVE, 3/7/2021, 037, 4328, 87007, , , 2 7 15 17 38 $100000.00, , ,
MON - MID, 3/8/2021, 072, 9861, 63495, , , , , ,
MON - EVE, 3/8/2021, 937, 1939, 21715, 4 5 9 31 33 39 $5.40 M/0, 813820, 12 19 20 22 35 $100000.00, , ,3 9 40 41 44 +60
TUE - MID, 3/9/2021, 912, 6993, 76754, , , , , ,
TUE - EVE, 3/9/2021, 352, 0368, 09678, , , 11 16 19 32 34 $110000.00, 4 33 46 58 65 +13 x2 $68.00 M/0, ,
WED - MID, 3/10/2021, 996, 7375, 70734, , , , , ,
WED - EVE, 3/10/2021, 320, 1948, 73673, 7 10 15 18 43 48 $5.50 M/0, 211998, 10 19 23 26 28 $120000.00, , 17 18 37 44 53 +18 x3 $155.00 M/0,
THU - MID, 3/11/2021, 267, 6077, 93698, , , , , ,
THU - EVE, 3/11/2021, 061, 2482, 24743, , , 1 10 16 27 37 $130000.00, , ,15 19 28 30 48 +51
FRI - MID, 3/12/2021, 082, 1443, 87131, , , , , ,
FRI - EVE, 3/12/2021, 465, 9984, 54943, , , 14 18 29 31 33 $140000.00, 2 24 25 31 65 +18 x4 $79.00 M/0, ,
SAT - MID, 3/13/2021, 352, 4732, 70734, , , , , ,
SAT - EVE, 3/13/2021, 992, 5543, 27410, 11 15 26 38 43 45 $5.60 M/0, 321900, 5 10 13 25 32 $169000.00, , 5 11 51 56 61 +2 x2 $169.00 M/0,
SUN - MID, 3/14/2021, 100, 9088, 40173, , , , , ,
SUN - EVE, 3/14/2021, 615, 0467, 49086, , , 1 4 5 28 33 $205000.00, , ,
MON - MID, 3/15/2021, 372, 5506, 31970, , , , , ,
MON - EVE, 3/15/2021, 703, 0680, 04525, 6 20 21 28 36 45 $5.70 M/0, 303172, 5 7 10 11 25 $244000.00, , ,5 14 15 27 37 +70
TUE - MID, 3/16/2021, 549, 2724, 93897, , , , , ,
TUE - EVE, 3/16/2021, 829, 9923, 67428, , , 2 12 13 24 31 $100000.00, 10 41 46 52 69 +8 x2 $93.00 M/0, ,
WED - MID, 3/17/2021, 421, 4863, 37883, , , , , ,
WED - EVE, 3/17/2021, 137, 6726, 26125, 7 17 19 44 47 48 $5.80 M/0, 183974, 20 21 22 25 26 $110000.00, , 34 38 42 61 62 +19 x2 $184.00 M/0,
THU - MID, 3/18/2021, 013, 9670, 87243, , , , , ,
THU - EVE, 3/18/2021, 307, 2788, 64455, , , 3 11 20 24 34 $120000.00, , ,2 5 21 28 45 +150
FRI - MID, 3/19/2021, 556, 4727, 92716, , , , , ,
FRI - EVE, 3/19/2021, 169, 4307, 49958, , , 24 26 31 34 36 $130000.00, 9 14 40 58 69 +8 x3 $105.00 M/0, ,
SAT - MID, 3/20/2021, 730, 8606, 76536, , , , , ,
SAT - EVE, 3/20/2021, 136, 9759, 10414, 5 12 29 35 36 47 $5.90 M/0, 333704, 4 7 10 14 33 $147000.00, , 1 6 22 42 61 +4 x3 $200.00 M/0,
SUN - MID, 3/21/2021, 018, 6559, 02689, , , , , ,
SUN - EVE, 3/21/2021, 521, 5884, 16071, , , 8 13 25 31 34 $176000.00, , ,
MON - MID, 3/22/2021, 109, 9336, 04193, , , , , ,
MON - EVE, 3/22/2021, 172, 3399, 49793, 5 20 28 32 37 46 $6.00 M/0, 467003, 5 24 31 32 36 $217000.00, , ,3 5 24 31 45 +10
TUE - MID, 3/23/2021, 481, 8849, 80409, , , , , ,
TUE - EVE, 3/23/2021, 264, 7059, 89539, , , 4 13 30 32 37 $100000.00, 12 23 35 38 55 +11 x2 $122.00 M/0, ,
WED - MID, 3/24/2021, 860, 9194, 10744, , , , , ,
WED - EVE, 3/24/2021, 182, 2546, 82008, 7 29 38 39 44 45 $6.10 M/0, 246247, 13 22 24 33 36 $110000.00, , 4 9 17 27 38 +18 x2 $220.00 M/0,
THU - MID, 3/25/2021, 908, 0342, 26681, , , , , ,
THU - EVE, 3/25/2021, 714, 3936, 29905, , , 6 10 12 19 34 $120000.00, , ,3 24 25 37 44 +50
FRI - MID, 3/26/2021, 567, 0162, 70217, , , , , ,
FRI - EVE, 3/26/2021, 002, 3890, 75484, , , 12 21 25 31 33 $130000.00, 4 25 37 46 67 +15 x3 $137.00 M/0, ,
SAT - MID, 3/27/2021, 651, 2174, 15927, , , , , ,
SAT - EVE, 3/27/2021, 833, 5280, 18932, 21 30 31 33 36 39 $6.20 M/0, 303024, 4 9 11 17 18 $144000.00, , 6 14 38 39 65 +6 x3 $238.00 M/1,
SUN - MID, 3/28/2021, 757, 0690, 08619, , , , , ,
SUN - EVE, 3/28/2021, 448, 4902, 85462, , , 15 22 26 27 28 $100000.00, , ,
MON - MID, 3/29/2021, 706, 9999, 73259, , , , , ,
MON - EVE, 3/29/2021, 301, 6937, 13331, 5 12 13 20 31 49 $6.30 M/0, 196194, 1 10 11 23 33 $110000.00, , ,9 29 32 42 45 +40
TUE - MID, 3/30/2021, 001, 8121, 49077, , , , , ,
TUE - EVE, 3/30/2021, 760, 1599, 09770, , , 4 15 18 19 31 $100000.00, 11 37 47 53 56 +15 x3 $152.00 M/0, ,
WED - MID, 3/31/2021, 155, 5292, 89759, , , , , ,
WED - EVE, 3/31/2021, 063, 4198, 82520, 4 16 19 20 46 48 $6.40 M/0, 095888, 8 11 21 23 27 $110000.00, , 3 10 44 55 68 +24 x2 $20.00 M/0,
THU - MID, 4/1/2021, 798, 6411, 84834, , , , , ,
THU - EVE, 4/1/2021, 068, 2225, 08920, , , 12 15 27 30 31 $120000.00, , ,5 27 36 42 47 +90
FRI - MID, 4/2/2021, 596, 1152, 90390, , , , , ,
FRI - EVE, 4/2/2021, 065, 5690, 89609, , , 4 6 12 20 26 $130000.00, 10 42 48 53 62 +19 x2 $168.00 M/0, ,
SAT - MID, 4/3/2021, 719, 1625, 60785, , , , , ,
SAT - EVE, 4/3/2021, 965, 0955, 11298, 2 9 11 23 24 46 $6.50 M/0, 841477, 4 17 23 24 29 $140000.00, , 1 12 17 39 53 +5 x2 $32.00 M/0,
SUN - MID, 4/4/2021, 674, 9044, 78625, , , , , ,
SUN - EVE, 4/4/2021, 476, 4467, 04439, , , 4 6 12 15 22 $152000.00, , ,
MON - MID, 4/5/2021, 093, 2728, 37257, , , , , ,
MON - EVE, 4/5/2021, 221, 8106, 24501, 7 18 29 36 41 42 $6.60 M/0, 535289, 8 11 15 25 28 $100000.00, , ,2 5 16 26 39 +100
TUE - MID, 4/6/2021, 053, 0247, 68428, , , , , ,
TUE - EVE, 4/6/2021, 823, 9926, 74825, , , 17 19 21 34 38 $110000.00, 1 19 20 32 42 +17 x3 $184.00 M/0, ,
WED - MID, 4/7/2021, 472, 6641, 83200, , , , , ,
WED - EVE, 4/7/2021, 488, 5820, 00645, 5 17 26 32 44 49 $6.70 M/0, 361064, 4 5 9 21 22 $120000.00, , 27 35 39 51 66 +16 x5 $43.00 M/0,
THU - MID, 4/8/2021, 950, 3696, 56016, , , , , ,
THU - EVE, 4/8/2021, 593, 6158, 92078, , , 3 7 18 21 32 $100000.00, , ,17 25 30 37 39 +100
FRI - MID, 4/9/2021, 622, 2451, 55845, , , , , ,
FRI - EVE, 4/9/2021, 024, 5243, 53230, , , 5 9 16 18 30 $110000.00, 22 26 27 58 66 +12 x2 $201.00 M/0, ,
SAT - MID, 4/10/2021, 494, 0237, 86057, , , , , ,
SAT - EVE, 4/10/2021, 329, 8970, 98981, 8 9 13 17 33 46 $6.80 M/0, 572976, 2 9 20 28 35 $120000.00, , 14 16 23 50 53 +3 x3 $55.00 M/0,
SUN - MID, 4/11/2021, 148, 8667, 71904, , , , , ,
SUN - EVE, 4/11/2021, 124, 5853, 59213, , , 15 16 17 24 27 $130000.00, , ,
MON - MID, 4/12/2021, 939, 1101, 07971, , , , , ,
MON - EVE, 4/12/2021, 918, 4414, 85374, 3 5 7 18 44 48 $6.90 M/0, 377743, 6 20 25 26 36 $140000.00, , ,1 12 16 26 36 +40
TUE - MID, 4/13/2021, 871, 1020, 59263, , , , , ,
TUE - EVE, 4/13/2021, 539, 6756, 44880, , , 5 9 16 18 19 $155000.00, 10 15 19 45 68 +9 x4 $220.00 M/0, ,
WED - MID, 4/14/2021, 072, 8545, 25637, , , , , ,
WED - EVE, 4/14/2021, 571, 4305, 40021, 5 11 18 22 23 25 $7.00 M/0, 098143, 4 9 23 25 36 $182000.00, , 13 30 33 45 61 +14 x2 $67.00 M/0,
THU - MID, 4/15/2021, 621, 2661, 74359, , , , , ,
THU - EVE, 4/15/2021, 114, 8341, 72072, , , 7 9 30 34 37 $223000.00, , ,3 4 18 31 43 +40
FRI - MID, 4/16/2021, 179, 2984, 19022, , , , , ,
FRI - EVE, 4/16/2021, 487, 2260, 21026, , , 7 9 22 36 38 $278000.00, 17 27 28 50 55 +25 x4 $240.00 M/0, ,
SAT - MID, 4/17/2021, 302, 6822, 06222, , , , , ,
SAT - EVE, 4/17/2021, 324, 0582, 65133, 4 5 7 9 15 42 $7.10 M/0, 998598, 6 9 17 28 36 $341000.00, , 10 21 26 41 49 +25 x2 $79.00 M/0,
SUN - MID, 4/18/2021, 466, 1206, 27035, , , , , ,
SUN - EVE, 4/18/2021, 575, 4563, 43809, , , 7 11 14 19 20 $100000.00, , ,
MON - MID, 4/19/2021, 206, 9584, 21202, , , , , ,
MON - EVE, 4/19/2021, 130, 3240, 24087, 4 19 27 39 47 49 $7.20 M/0, 890888, 10 12 21 24 37 $100000.00, , ,13 21 31 32 33 +150
TUE - MID, 4/20/2021, 925, 1200, 88229, , , , , ,
TUE - EVE, 4/20/2021, 958, 4613, 36535, , , 10 13 16 24 25 $100000.00, 6 23 43 49 52 +5 x3 $257.00 M/0, ,
WED - MID, 4/21/2021, 650, 4557, 32665, , , , , ,
WED - EVE, 4/21/2021, 680, 3401, 91019, 6 7 13 32 36 46 $7.30 M/0, 540955, 16 21 22 26 28 $110000.00, , 21 25 32 63 67 +6 x2 $90.00 M/0,
THU - MID, 4/22/2021, 732, 0617, 20993, , , , , ,
THU - EVE, 4/22/2021, 993, 0351, 64862, , , 4 10 20 21 25 $100000.00, , ,20 28 29 35 37 +150
FRI - MID, 4/23/2021, 439, 0529, 13019, , , , , ,
FRI - EVE, 4/23/2021, 957, 4424, 60801, , , 10 15 18 33 35 $110000.00, 4 28 29 30 60 +25 x3 $277.00 M/0, ,
SAT - MID, 4/24/2021, 136, 8360, 35229, , , , , ,
SAT - EVE, 4/24/2021, 284, 0266, 00891, 6 11 23 26 28 39 $7.40 M/0, 961553, 4 9 17 20 34 $120000.00, , 22 36 48 59 61 +22 x3 $104.00 M/0,
SUN - MID, 4/25/2021, 133, 5850, 94069, , , , , ,
SUN - EVE, 4/25/2021, 291, 4400, 53044, , , 3 10 14 37 39 $130000.00, , ,
MON - MID, 4/26/2021, 268, 3913, 88178, , , , , ,
MON - EVE, 4/26/2021, 421, 4273, 33162, 1 8 11 33 43 47 $7.50 M/0, 345362, 8 13 16 25 37 $140000.00, , ,8 22 33 37 38 +100
TUE - MID, 4/27/2021, 153, 2473, 47250, , , , , ,
TUE - EVE, 4/27/2021, 917, 5696, 99377, , , 3 21 24 29 31 $168000.00, 15 22 30 41 42 +25 x4 $297.00 M/0, ,
WED - MID, 4/28/2021, 520, 3228, 24095, , , , , ,
WED - EVE, 4/28/2021, 735, 1837, 61939, 10 12 25 36 43 45 $7.60 M/0, 703551, 1 10 22 27 30 $202000.00, , 16 18 35 39 53 +21 x3 $116.00 M/0,
THU - MID, 4/29/2021, 747, 8557, 94053, , , , , ,
THU - EVE, 4/29/2021, 519, 7347, 04368, , , 16 23 35 36 37 $100000.00, , ,1 9 10 18 34 +130
FRI - MID, 4/30/2021, 360, 1075, 01051, , , , , ,
FRI - EVE, 4/30/2021, 964, 4139, 48585, , , 2 4 13 20 21 $110000.00, 8 19 26 48 49 +5 x3 $319.00 M/0, ,
SAT - MID, 5/1/2021, 388, 5869, 08683, , , , , ,
SAT - EVE, 5/1/2021, 483, 6736, 04027, 7 9 16 21 35 49 $7.70 M/0, 984070, 6 8 13 14 32 $120000.00, , 35 36 47 61 63 +3 x3 $129.00 M/0,
SUN - MID, 5/2/2021, 105, 7829, 60912, , , , , ,
SUN - EVE, 5/2/2021, 270, 0817, 66368, , , 10 21 35 36 39 $130000.00, , ,
MON - MID, 5/3/2021, 052, 1906, 82913, , , , , ,
MON - EVE, 5/3/2021, 960, 0724, 46669, 3 15 34 39 40 49 $7.80 M/0, 203890, 9 13 14 16 23 $140000.00, , ,7 11 12 18 21 +100
TUE - MID, 5/4/2021, 921, 5695, 76032, , , , , ,
TUE - EVE, 5/4/2021, 574, 2373, 49363, , , 3 19 21 37 39 $167000.00, 4 27 32 57 63 +22 x3 $345.00 M/0, ,
WED - MID, 5/5/2021, 458, 6298, 36683, , , , , ,
WED - EVE, 5/5/2021, 773, 1964, 27065, 6 10 21 24 29 43 $7.90 M/0, 627122, 2 12 23 32 35 $212000.00, , 16 23 28 40 63 +1 x2 $142.00 M/0,
THU - MID, 5/6/2021, 885, 9856, 90295, , , , , ,
THU - EVE, 5/6/2021, 063, 5622, 65692, , , 3 10 12 21 38 $260000.00, , ,5 13 26 32 47 +80
FRI - MID, 5/7/2021, 946, 3074, 75364, , , , , ,
FRI - EVE, 5/7/2021, 331, 3161, 14581, , , 15 30 32 35 39 $303000.00, 5 10 19 21 50 +10 x4 $370.00 M/0, ,
SAT - MID, 5/8/2021, 592, 2089, 58039, , , , , ,
SAT - EVE, 5/8/2021, 398, 7858, 08274, 5 15 28 32 43 44 $8.00 M/0, 751632, 2 3 9 18 32 $377000.00, , 12 17 20 21 26 +8 x3 $157.00 M/0,
SUN - MID, 5/9/2021, 687, 6178, 65081, , , , , ,
SUN - EVE, 5/9/2021, 408, 2972, 12358, , , 4 8 13 23 28 $444000.00, , ,
MON - MID, 5/10/2021, 602, 3317, 82822, , , , , ,
MON - EVE, 5/10/2021, 093, 6610, 64434, 4 9 15 21 26 46 $8.10 M/0, 650342, 5 10 11 25 28 $499000.00, , ,4 31 32 42 44 +70
TUE - MID, 5/11/2021, 752, 2494, 07232, , , , , ,
TUE - EVE, 5/11/2021, 668, 6305, 39569, , , 17 22 23 35 37 $100000.00, 7 8 20 36 39 +22 x3 $402.00 M/0, ,
WED - MID, 5/12/2021, 496, 7619, 71998, , , , , ,
WED - EVE, 5/12/2021, 315, 5419, 58982, 2 6 28 29 32 48 $8.20 M/0, 198786, 8 16 18 28 38 $110000.00, , 1 19 20 38 54 +17 x2 $168.00 M/0,
THU - MID, 5/13/2021, 663, 2657, 21089, , , , , ,
THU - EVE, 5/13/2021, 843, 4975, 75505, , , 16 19 24 25 39 $100000.00, , ,3 7 25 31 36 +80
FRI - MID, 5/14/2021, 250, 9963, 94158, , , , , ,
FRI - EVE, 5/14/2021, 286, 9793, 00037, , , 5 9 13 20 39 $110000.00, 3 18 41 44 68 +3 x2 $430.00 M/0, ,
SAT - MID, 5/15/2021, 448, 6050, 63349, , , , , ,
SAT - EVE, 5/15/2021, 327, 7273, 97178, 2 18 30 38 40 46 $8.30 M/0, 516035, 3 7 9 27 33 $120000.00, , 4 10 37 39 69 +24 x3 $183.00 M/0,
SUN - MID, 5/16/2021, 362, 9424, 08740, , , , , ,
SUN - EVE, 5/16/2021, 676, 9899, 31999, , , 5 9 26 28 29 $130000.00, , ,
MON - MID, 5/17/2021, 485, 2349, 18804, , , , , ,
MON - EVE, 5/17/2021, 091, 9654, 47097, 17 20 21 26 35 40 $8.40 M/0, 465728, 4 7 28 35 36 $140000.00, , ,18 29 32 40 44 +160
TUE - MID, 5/18/2021, 542, 0039, 72100, , , , , ,
TUE - EVE, 5/18/2021, 744, 3721, 82956, , , 1 8 14 18 26 $150000.00, 3 5 56 61 66 +4 x2 $475.00 M/0, ,
WED - MID, 5/19/2021, 993, 4146, 65335, , , , , ,
WED - EVE, 5/19/2021, 292, 6737, 21634, 11 16 17 23 38 46 $8.50 M/0, 588287, 2 16 17 27 39 $172000.00, , 11 13 55 56 69 +4 x2 $201.00 M/0,
THU - MID, 5/20/2021, 853, 5090, 06721, , , , , ,
THU - EVE, 5/20/2021, 666, 3592, 06829, , , 2 5 6 18 30 $100000.00, , ,7 13 38 43 44 +110
FRI - MID, 5/21/2021, 450, 6400, 20277, , , , , ,
FRI - EVE, 5/21/2021, 563, 4768, 64531, , , 5 14 22 28 29 $100000.00, 6 9 17 18 48 +8 x3 $515.00 M/1, ,
SAT - MID, 5/22/2021, 933, 9222, 18964, , , , , ,
SAT - EVE, 5/22/2021, 157, 2427, 22304, 1 10 23 24 43 47 $8.60 M/0, 788987, 6 26 29 31 36 $110000.00, , 3 19 27 37 40 +8 x2 $218.00 M/0,
SUN - MID, 5/23/2021, 796, 8435, 94830, , , , , ,
SUN - EVE, 5/23/2021, 818, 0564, 27673, , , 1 8 18 28 31 $120000.00, , ,
MON - MID, 5/24/2021, 963, 3902, 35893, , , , , ,
MON - EVE, 5/24/2021, 190, 8594, 63187, 12 14 15 17 19 32 $8.70 M/0, 109960, 6 10 11 12 20 $130000.00, , ,3 6 7 36 48 +30
TUE - MID, 5/25/2021, 911, 5063, 98535, , , , , ,
TUE - EVE, 5/25/2021, 048, 6433, 33363, , , 9 13 20 21 37 $140000.00, 14 21 31 34 54 +11 x3 $20.00 M/0, ,
WED - MID, 5/26/2021, 425, 3610, 59917, , , , , ,
WED - EVE, 5/26/2021, 550, 7817, 21696, 8 12 15 36 42 46 $8.80 M/0, 773458, 6 7 13 19 32 $150000.00, , 2 8 21 34 62 +16 x2 $236.00 M/0,
THU - MID, 5/27/2021, 143, 3484, 87659, , , , , ,
THU - EVE, 5/27/2021, 736, 9933, 50730, , , 6 12 18 37 39 $171000.00, , ,5 6 8 40 43 +170
FRI - MID, 5/28/2021, 501, 7193, 97953, , , , , ,
FRI - EVE, 5/28/2021, 201, 1169, 41436, , , 4 8 15 22 23 $210000.00, 10 14 20 47 70 +15 x2 $22.00 M/0, ,
SAT - MID, 5/29/2021, 081, 0143, 97129, , , , , ,
SAT - EVE, 5/29/2021, 606, 1949, 70632, 2 6 24 26 28 29 $8.90 M/0, 273750, 2 10 18 29 32 $100000.00, , 11 13 22 27 46 +20 x2 $253.00 M/0,
SUN - MID, 5/30/2021, 394, 8142, 85726, , , , , ,
SUN - EVE, 5/30/2021, 421, 9700, 06678, , , 2 15 23 33 37 $110000.00, , ,
MON - MID, 5/31/2021, 800, 1680, 60744, , , , , ,
MON - EVE, 5/31/2021, 611, 2911, 34899, 7 9 14 21 25 26 $9.00 M/0, 042561, 19 20 22 30 36 $120000.00, , ,2 19 28 31 47 +90
TUE - MID, 6/1/2021, 557, 4255, 18225, , , , , ,
TUE - EVE, 6/1/2021, 831, 0515, 12095, , , 8 10 20 25 30 $130000.00, 7 11 33 58 63 +23 x2 $34.00 M/0, ,
WED - MID, 6/2/2021, 063, 7204, 20268, , , , , ,
WED - EVE, 6/2/2021, 104, 9920, 50560, 2 15 17 24 30 34 $9.10 M/0, 467738, 2 17 21 22 23 $140000.00, , 6 7 11 66 67 +19 x3 $268.00 M/0,
THU - MID, 6/3/2021, 562, 1075, 30464, , , , , ,
THU - EVE, 6/3/2021, 445, 3550, 00528, , , 22 27 28 31 39 $163000.00, , ,11 19 22 29 48 +60
FRI - MID, 6/4/2021, 579, 4683, 18244, , , , , ,
FRI - EVE, 6/4/2021, 811, 7127, 26286, , , 4 18 24 32 37 $100000.00, 4 30 34 41 64 +8 x3 $45.00 M/0, ,
SAT - MID, 6/5/2021, 481, 2525, 72839, , , , , ,
SAT - EVE, 6/5/2021, 864, 3071, 23430, 3 5 24 31 32 39 $9.20 M/0, 071476, 8 10 17 24 30 $110000.00, , 44 52 54 64 69 +26 x3 $286.00 M/1,
SUN - MID, 6/6/2021, 353, 2307, 99263, , , , , ,
SUN - EVE, 6/6/2021, 099, 2363, 05637, , , 18 23 25 35 39 $100000.00, , ,
MON - MID, 6/7/2021, 206, 0413, 43135, , , , , ,
MON - EVE, 6/7/2021, 646, 6854, 07721, 7 17 18 25 40 44 $9.30 M/0, 316337, 3 10 29 37 38 $110000.00, , ,5 7 18 24 34 +180
TUE - MID, 6/8/2021, 290, 2955, 49056, , , , , ,
TUE - EVE, 6/8/2021, 375, 6768, 96171, , , 6 11 20 23 39 $120000.00, 9 22 39 41 54 +19 x3 $56.00 M/1, ,
WED - MID, 6/9/2021, 464, 3390, 51270, , , , , ,
WED - EVE, 6/9/2021, 542, 4423, 97479, 13 17 18 33 40 44 $9.40 M/0, 983220, 12 14 21 28 39 $130000.00, , 19 28 46 50 54 +9 x2 $20.00 M/0,
THU - MID, 6/10/2021, 509, 9616, 14317, , , , , ,
THU - EVE, 6/10/2021, 271, 9667, 01682, , , 5 6 17 25 33 $140000.00, , ,6 8 10 24 43 +150
FRI - MID, 6/11/2021, 275, 6116, 63129, , , , , ,
FRI - EVE, 6/11/2021, 142, 3746, 06907, , , 6 8 9 25 36 $165000.00, 4 43 56 63 68 +13 x4 $20.00 M/0, ,
SAT - MID, 6/12/2021, 667, 9768, 93744, , , , , ,
SAT - EVE, 6/12/2021, 962, 9953, 95716, 12 13 20 33 34 36 $9.50 M/0, 408470, 11 15 17 28 34 $204000.00, , 8 25 34 38 41 +10 x3 $31.00 M/0,
SUN - MID, 6/13/2021, 691, 0537, 42410, , , , , ,
SUN - EVE, 6/13/2021, 680, 5256, 62918, , , 4 9 14 24 32 $249000.00, , ,
MON - MID, 6/14/2021, 903, 2440, 97328, , , , , ,
MON - EVE, 6/14/2021, 965, 4835, 14471, 4 7 15 25 34 45 $9.60 M/0, 561044, 16 17 18 24 36 $291000.00, , ,3 17 19 21 37 +120
TUE - MID, 6/15/2021, 239, 9787, 00006, , , , , ,
TUE - EVE, 6/15/2021, 564, 0424, 25035, , , 5 13 19 36 37 $350000.00, 18 22 27 38 52 +11 x4 $22.00 M/0, ,
WED - MID, 6/16/2021, 081, 6429, 01574, , , , , ,
WED - EVE, 6/16/2021, 270, 3475, 92829, 2 8 17 19 47 48 $9.70 M/0, 088952, 8 15 29 31 35 $422000.00, , 19 29 34 44 50 +25 x2 $40.00 M/0,
THU - MID, 6/17/2021, 648, 8069, 09429, , , , , ,
THU - EVE, 6/17/2021, 734, 1721, 29763, , , 9 12 15 16 30 $502000.00, , ,7 10 24 29 45 +10
FRI - MID, 6/18/2021, 555, 6448, 87738, , , , , ,
FRI - EVE, 6/18/2021, 023, 1291, 22199, , , 5 16 35 36 39 $584000.00, 14 36 44 46 53 +18 x2 $30.00 M/0, ,
SAT - MID, 6/19/2021, 275, 0122, 50913, , , , , ,
SAT - EVE, 6/19/2021, 152, 6919, 23298, 8 13 20 28 35 40 $9.80 M/0, 992126, 3 5 23 30 33 $100000.00, , 4 22 35 38 39 +20 x2 $52.00 M/0,
SUN - MID, 6/20/2021, 467, 0590, 76895, , , , , ,
SUN - EVE, 6/20/2021, 679, 4608, 03088, , , 9 13 18 29 34 $110000.00, , ,
MON - MID, 6/21/2021, 948, 0413, 80375, , , , , ,
MON - EVE, 6/21/2021, 569, 9562, 38046, 8 13 14 18 37 38 $9.90 M/0, 738042, 11 24 25 27 33 $120000.00, , ,22 28 33 38 43 +170
TUE - MID, 6/22/2021, 111, 4032, 96017, , , , , ,
TUE - EVE, 6/22/2021, 963, 6333, 12840, , , 7 11 33 36 38 $130000.00, 1 26 48 51 59 +25 x4 $40.00 M/0, ,
WED - MID, 6/23/2021, 887, 6460, 59109, , , , , ,
WED - EVE, 6/23/2021, 974, 1734, 69651, 1 2 10 19 39 43 $10.00 M/0, 722105, 5 17 20 33 38 $100000.00, , 13 20 40 51 63 +1 x3 $63.00 M/0,
THU - MID, 6/24/2021, 200, 6238, 29721, , , , , ,
THU - EVE, 6/24/2021, 490, 1027, 65389, , , 20 28 30 31 36 $110000.00, , ,23 26 31 35 46 +120
FRI - MID, 6/25/2021, 840, 1900, 33518, , , , , ,
FRI - EVE, 6/25/2021, 992, 2170, 04028, , , 3 11 18 25 32 $120000.00, 17 20 42 45 65 +12 x4 $50.00 M/0, ,
SAT - MID, 6/26/2021, 821, 2722, 92118, , , , , ,
SAT - EVE, 6/26/2021, 126, 0958, 34820, 2 16 20 32 43 45 $10.10 M/0, 156717, 18 23 24 27 31 $130000.00, , 8 31 39 43 60 +17 x3 $75.00 M/0,
SUN - MID, 6/27/2021, 985, 3761, 80421, , , , , ,
SUN - EVE, 6/27/2021, 022, 7694, 65492, , , 4 12 15 33 37 $140000.00, , ,
MON - MID, 6/28/2021, 949, 9441, 71434, , , , , ,
MON - EVE, 6/28/2021, 067, 5015, 89039, 2 11 14 19 38 44 $10.20 M/0, 951272, 5 17 18 25 38 $167000.00, , ,5 7 23 25 48 +80
TUE - MID, 6/29/2021, 880, 1266, 68315, , , , , ,
TUE - EVE, 6/29/2021, 089, 7673, 35493, , , 18 19 21 36 39 $205000.00, 7 38 50 52 69 +21 x3 $61.00 M/0, ,
WED - MID, 6/30/2021, 199, 6445, 30066, , , , , ,
WED - EVE, 6/30/2021, 631, 0317, 77324, 5 16 38 44 48 49 $10.30 M/0, 356095, 3 9 23 28 33 $256000.00, , 24 29 50 65 66 +14 x4 $88.00 M/0,
THU - MID, 7/1/2021, 603, 2986, 86439, , , , , ,
THU - EVE, 7/1/2021, 819, 0618, 16106, , , 16 17 19 21 32 $100000.00, , ,15 22 30 33 43 +20
FRI - MID, 7/2/2021, 700, 9795, 93159, , , , , ,
FRI - EVE, 7/2/2021, 928, 6624, 29311, , , 1 4 7 32 34 $110000.00, 8 31 32 34 45 +19 x2 $72.00 M/0, ,
SAT - MID, 7/3/2021, 891, 3933, 98487, , , , , ,
SAT - EVE, 7/3/2021, 213, 1678, 49028, 6 15 16 19 24 47 $10.40 M/0, 683567, 1 4 13 14 22 $120000.00, , 26 40 41 55 65 +24 x2 $101.00 M/0,
SUN - MID, 7/4/2021, 366, 9697, 03408, , , , , ,
SUN - EVE, 7/4/2021, 095, 8271, 23542, , , 11 15 20 29 36 $130000.00, , ,
MON - MID, 7/5/2021, 079, 8462, 51189, , , , , ,
MON - EVE, 7/5/2021, 929, 5869, 11016, 7 10 14 17 22 40 $10.50 M/0, 419973, 17 18 24 36 39 $140000.00, , ,2 5 6 20 36 +110
TUE - MID, 7/6/2021, 898, 7531, 67576, , , , , ,
TUE - EVE, 7/6/2021, 727, 9946, 20972, , , 5 23 27 28 33 $164000.00, 18 47 63 68 69 +14 x3 $82.00 M/0, ,
WED - MID, 7/7/2021, 250, 9069, 76945, , , , , ,
WED - EVE, 7/7/2021, 055, 7009, 86375, 11 17 22 32 39 48 $10.60 M/0, 878190, 1 4 22 23 24 $202000.00, , 8 21 30 49 57 +8 x2 $113.00 M/0,
THU - MID, 7/8/2021, 108, 5183, 97596, , , , , ,
THU - EVE, 7/8/2021, 394, 3871, 02569, , , 18 21 26 30 32 $243000.00, , ,2 17 18 35 44 +180
FRI - MID, 7/9/2021, 635, 8109, 46804, , , , , ,
FRI - EVE, 7/9/2021, 174, 2429, 83512, , , 4 25 27 29 30 $300000.00, 6 37 39 41 46 +17 x2 $94.00 M/0, ,
SAT - MID, 7/10/2021, 002, 2688, 42527, , , , , ,
SAT - EVE, 7/10/2021, 355, 6512, 31174, 6 19 28 34 42 48 $10.70 M/0, 742685, 3 4 12 14 25 $100000.00, , 1 5 29 54 62 +3 x2 $127.00 M/0,
SUN - MID, 7/11/2021, 807, 1352, 00958, , , , , ,
SUN - EVE, 7/11/2021, 253, 5547, 43495, , , 16 17 19 22 37 $100000.00, , ,
MON - MID, 7/12/2021, 345, 3410, 67017, , , , , ,
MON - EVE, 7/12/2021, 894, 6985, 88557, 4 17 22 37 42 43 $10.80 M/0, 015662, 9 10 16 21 28 $110000.00, , ,11 12 22 24 46 +130
TUE - MID, 7/13/2021, 001, 1796, 14872, , , , , ,
TUE - EVE, 7/13/2021, 552, 3198, 75410, , , 20 22 24 35 39 $120000.00, 3 10 17 26 55 +24 x2 $104.00 M/0, ,
WED - MID, 7/14/2021, 878, 9358, 39843, , , , , ,
WED - EVE, 7/14/2021, 213, 0215, 79569, 8 12 14 32 35 48 $10.90 M/0, 998069, 24 29 32 36 37 $130000.00, , 33 46 52 59 62 +10 x2 $137.00 M/0,
THU - MID, 7/15/2021, 411, 3722, 87199, , , , , ,
THU - EVE, 7/15/2021, 122, 8129, 62903, , , 22 23 24 25 39 $100000.00, , ,5 10 14 15 19 +80
FRI - MID, 7/16/2021, 752, 7393, 74379, , , , , ,
FRI - EVE, 7/16/2021, 161, 8698, 64114, , , 2 3 25 28 31 $110000.00, 24 25 47 52 57 +24 x4 $117.00 M/0, ,
SAT - MID, 7/17/2021, 920, 9056, 36964, , , , , ,
SAT - EVE, 7/17/2021, 173, 9905, 48653, 13 23 25 27 38 39 $11.00 M/0, 006243, 3 12 26 37 38 $120000.00, , 15 22 38 54 66 +3 x2 $150.00 M/0,
SUN - MID, 7/18/2021, 453, 2821, 05213, , , , , ,
SUN - EVE, 7/18/2021, 551, 0274, 64404, , , 2 8 28 35 37 $130000.00, , ,
MON - MID, 7/19/2021, 389, 8717, 81486, , , , , ,
MON - EVE, 7/19/2021, 833, 7912, 52337, 4 13 17 41 44 47 $11.10 M/0, 016945, 3 9 15 22 33 $140000.00, , ,11 38 42 46 48 +10
TUE - MID, 7/20/2021, 916, 0155, 61324, , , , , ,
TUE - EVE, 7/20/2021, 434, 5983, 51983, , , 2 13 25 28 31 $157000.00, 10 26 30 52 57 +10 x2 $128.00 M/0, ,6 8 16 31 46 +130
WED - MID, 7/21/2021, 660, 8556, 50765, , , , , ,
WED - EVE, 7/21/2021, 638, 1324, 65332, 7 9 10 34 40 45 $11.20 M/0, 493090, 1 3 8 13 34 $191000.00, , 27 28 44 67 68 +11 x2 $161.00 M/0,5 30 36 42 44 +50
THU - MID, 7/22/2021, 206, 4770, 50833, , , , , ,
THU - EVE, 7/22/2021, 724, 4354, 88075, , , 15 19 22 34 37 $100000.00, , ,20 28 29 33 34 +40
FRI - MID, 7/23/2021, 575, 4362, 82852, , , , , ,
FRI - EVE, 7/23/2021, 923, 1673, 59345, , , 3 6 7 22 31 $110000.00, 13 17 19 40 69 +17 x3 $140.00 M/0, ,5 15 17 24 29 +140
SAT - MID, 7/24/2021, 701, 9436, 44013, , , , , ,
SAT - EVE, 7/24/2021, 269, 3685, 65154, 6 21 25 34 44 48 $11.30 M/0, 023145, 3 10 29 31 37 $120000.00, , 1 4 11 59 67 +10 x2 $174.00 M/0,12 13 26 33 42 +90
SUN - MID, 7/25/2021, 181, 0411, 47041, , , , , ,
SUN - EVE, 7/25/2021, 458, 7846, 29690, , , 1 3 11 13 27 $130000.00, , ,6 12 27 43 46 +150
MON - MID, 7/26/2021, 281, 1449, 05440, , , , , ,
MON - EVE, 7/26/2021, 135, 5961, 48380, 13 32 34 38 42 44 $11.40 M/0, 013649, 6 14 22 31 34 $100000.00, , ,8 26 39 42 46 +70
TUE - MID, 7/27/2021, 800, 8313, 26112, , , , , ,
TUE - EVE, 7/27/2021, 000, 9905, 20341, , , 2 3 13 36 37 $110000.00, 2 35 36 54 64 +11 x3 $153.00 M/0, ,7 31 33 47 48 +170
WED - MID, 7/28/2021, 443, 9871, 38034, , , , , ,
WED - EVE, 7/28/2021, 298, 3171, 05817, 7 23 27 30 31 49 $11.50 M/0, 675325, 1 2 4 10 34 $100000.00, , 25 30 53 59 60 +5 x3 $186.00 M/0,17 20 26 44 48 +50
THU - MID, 7/29/2021, 117, 9775, 89003, , , , , ,
THU - EVE, 7/29/2021, 596, 8166, 73531, , , 11 13 21 24 28 $110000.00, , ,2 4 9 10 39 +70
FRI - MID, 7/30/2021, 114, 5127, 05156, , , , , ,
FRI - EVE, 7/30/2021, 265, 1507, 04329, , , 5 9 10 11 23 $100000.00, 19 26 31 52 68 +10 x3 $166.00 M/0, ,6 41 44 46 48 +130
SAT - MID, 7/31/2021, 414, 2260, 32546, , , , , ,
SAT - EVE, 7/31/2021, 352, 0572, 84606, 6 12 21 31 37 44 $11.60 M/0, 624332, 3 13 15 25 35 $110000.00, , 1 21 22 34 47 +4 x2 $199.00 M/0,7 26 29 36 42 +60
SUN - MID, 8/1/2021, 314, 2836, 01941, , , , , ,
SUN - EVE, 8/1/2021, 772, 6201, 72818, , , 3 4 6 16 22 $120000.00, , ,7 30 32 46 48 +130
MON - MID, 8/2/2021, 965, 5299, 01507, , , , , ,
MON - EVE, 8/2/2021, 794, 3397, 53059, 6 12 19 29 43 44 $11.70 M/0, 035954, 5 11 23 30 31 $130000.00, , ,4 5 24 36 38 +20
TUE - MID, 8/3/2021, 206, 0219, 61844, , , , , ,
TUE - EVE, 8/3/2021, 785, 6754, 20866, , , 15 16 22 33 39 $140000.00, 1 9 17 27 34 +24 x2 $179.00 M/0, ,10 15 18 41 45 +100
WED - MID, 8/4/2021, 983, 1808, 65822, , , , , ,
WED - EVE, 8/4/2021, 673, 9065, 88738, 1 37 38 39 45 46 $11.80 M/0, 320081, 11 15 24 25 38 $150000.00, , 5 21 32 36 58 +14 x2 $211.00 M/0,1 25 30 36 37 +20
THU - MID, 8/5/2021, 485, 5936, 64618, , , , , ,
THU - EVE, 8/5/2021, 212, 2865, 54461, , , 11 17 28 32 34 $100000.00, , ,5 15 36 44 46 +170
FRI - MID, 8/6/2021, 428, 9480, 68456, , , , , ,
FRI - EVE, 8/6/2021, 066, 5636, 79085, , , 1 3 12 22 28 $110000.00, 9 18 40 46 69 +9 x2 $191.00 M/0, ,1 4 6 25 26 +10
SAT - MID, 8/7/2021, 900, 5879, 33262, , , , , ,
SAT - EVE, 8/7/2021, 556, 9473, 61501, 3 7 29 36 42 43 $11.90 M/0, 697355, 8 16 17 24 28 $120000.00, , 7 24 36 54 60 +23 x2 $226.00 M/0,2 35 41 43 44 +160
SUN - MID, 8/8/2021, 654, 7494, 11552, , , , , ,
SUN - EVE, 8/8/2021, 963, 5338, 71436, , , 6 22 27 29 35 $130000.00, , ,1 14 23 29 31 +60
MON - MID, 8/9/2021, 409, 6806, 93171, , , , , ,
MON - EVE, 8/9/2021, 563, 6390, 24032, 6 8 29 30 35 40 $12.00 M/0, 191387, 2 4 9 21 33 $140000.00, , ,2 4 19 35 48 +90
TUE - MID, 8/10/2021, 358, 2535, 69262, , , , , ,
TUE - EVE, 8/10/2021, 961, 2860, 85651, , , 6 7 11 29 32 $150000.00, 29 45 50 59 62 +12 x2 $208.00 M/0, ,15 22 34 44 48 +90
WED - MID, 8/11/2021, 856, 3103, 14628, , , , , ,
WED - EVE, 8/11/2021, 080, 5343, 29614, 1 16 17 23 24 46 $12.10 M/0, 363973, 6 11 31 38 39 $100000.00, , 12 18 20 29 30 +16 x3 $241.00 M/0,1 17 21 24 27 +140
THU - MID, 8/12/2021, 566, 3530, 36832, , , , , ,
THU - EVE, 8/12/2021, 684, 1235, 84332, , , 22 23 31 37 39 $110000.00, , ,1 9 19 20 31 +90
FRI - MID, 8/13/2021, 147, 5884, 82211, , , , , ,
FRI - EVE, 8/13/2021, 535, 0553, 57990, , , 3 26 33 37 38 $120000.00, 17 21 35 40 53 +11 x2 $225.00 M/0, ,6 10 16 26 31 +180
SAT - MID, 8/14/2021, 167, 2919, 42152, , , , , ,
SAT - EVE, 8/14/2021, 174, 5755, 61716, 12 26 42 45 46 48 $12.20 M/0, 502894, 1 12 24 30 35 $130000.00, , 6 21 49 65 67 +18 x2 $258.00 M/0,28 34 39 42 45 +40
SUN - MID, 8/15/2021, 236, 9602, 04314, , , , , ,
SUN - EVE, 8/15/2021, 096, 2840, 42153, , , 8 16 19 23 27 $145000.00, , ,16 23 26 29 46 +110
MON - MID, 8/16/2021, 566, 7666, 49885, , , , , ,
MON - EVE, 8/16/2021, 670, 5749, 71103, 2 3 25 35 39 44 $12.30 M/0, 641083, 3 23 26 27 30 $165000.00, , ,3 13 39 40 44 +150
TUE - MID, 8/17/2021, 273, 1769, 27354, , , , , ,
TUE - EVE, 8/17/2021, 951, 6452, 60288, , , 10 15 21 22 26 $197000.00, 3 6 16 38 56 +24 x3 $242.00 M/0, ,2 10 25 29 48 +60
WED - MID, 8/18/2021, 348, 0605, 55325, , , , , ,
WED - EVE, 8/18/2021, 012, 4585, 65083, 1 16 29 32 38 39 $12.40 M/0, 934028, 2 10 26 29 31 $235000.00, , 35 36 51 55 61 +26 x2 $274.00 M/0,18 21 22 31 33 +60
THU - MID, 8/19/2021, 327, 4789, 26030, , , , , ,
THU - EVE, 8/19/2021, 544, 2784, 96496, , , 12 17 19 28 38 $280000.00, , ,11 12 16 38 48 +110
FRI - MID, 8/20/2021, 228, 9617, 08978, , , , , ,
FRI - EVE, 8/20/2021, 385, 4683, 28687, , , 2 9 33 36 39 $332000.00, 41 43 51 57 70 +1 x2 $256.00 M/0, ,8 24 36 39 45 +60
SAT - MID, 8/21/2021, 159, 7309, 47303, , , , , ,
SAT - EVE, 8/21/2021, 420, 9075, 32099, 10 17 20 30 31 42 $12.50 M/0, 424942, 1 2 23 30 33 $400000.00, , 16 28 36 39 59 +4 x2 $290.00 M/0,1 10 23 27 33 +40
SUN - MID, 8/22/2021, 647, 4660, 53951, , , , , ,
SUN - EVE, 8/22/2021, 276, 0766, 03581, , , 6 13 26 37 39 $100000.00, , ,5 8 15 23 39 +140
MON - MID, 8/23/2021, 155, 0380, 18017, , , , , ,
MON - EVE, 8/23/2021, 253, 6722, 47318, 30 36 38 39 42 45 $12.60 M/0, 672485, 3 6 12 27 32 $100000.00, , 17 36 47 60 61 +15 x3 $293.00 M/0,4 6 24 32 45 +120
TUE - MID, 8/24/2021, 971, 7375, 34826, , , , , ,
TUE - EVE, 8/24/2021, 060, 3585, 55109, , , 7 12 18 31 34 $110000.00, 17 18 26 52 67 +19 x2 $270.00 M/0, ,4 10 13 24 44 +120
WED - MID, 8/25/2021, 336, 5100, 69979, , , , , ,
WED - EVE, 8/25/2021, 823, 0121, 59882, 3 11 12 27 28 31 $12.70 M/0, 410023, 5 11 15 26 31 $100000.00, , 27 39 54 56 59 +24 x3 $304.00 M/0,9 24 33 40 48 +110
THU - MID, 8/26/2021, 801, 3171, 15518, , , , , ,
THU - EVE, 8/26/2021, 387, 4285, 14446, , , 8 11 24 36 39 $100000.00, , ,9 12 31 36 45 +140
FRI - MID, 8/27/2021, 878, 1440, 59003, , , , , ,
FRI - EVE, 8/27/2021, 851, 6628, 75622, , , 8 12 22 24 38 $100000.00, 1 10 44 47 56 +23 x3 $288.00 M/0, ,4 8 17 35 39 +40
SAT - MID, 8/28/2021, 308, 9220, 12706, , , , , ,
SAT - EVE, 8/28/2021, 893, 4610, 98728, 4 7 21 35 41 49 $12.80 M/0, 514859, 5 8 19 33 36 $110000.00, , 12 22 26 46 59 +26 x2 $322.00 M/0,2 6 8 11 38 +20
SUN - MID, 8/29/2021, 978, 0593, 66893, , , , , ,
SUN - EVE, 8/29/2021, 979, 2344, 71820, , , 12 18 23 36 37 $120000.00, , ,4 19 30 42 48 +160
MON - MID, 8/30/2021, 153, 7804, 85618, , , , , ,
MON - EVE, 8/30/2021, 879, 1339, 28806, 10 17 20 27 32 44 $12.90 M/0, 916837, 3 8 21 24 28 $100000.00, , 3 15 45 51 61 +8 x2 $332.00 M/0,13 22 28 30 44 +110
TUE - MID, 8/31/2021, 578, 7045, 41876, , , , , ,
TUE - EVE, 8/31/2021, 364, 5153, 70073, , , 7 12 21 25 28 $110000.00, 8 14 31 58 68 +15 x3 $306.00 M/0, ,6 15 27 36 37 +40
WED - MID, 9/1/2021, 907, 0388, 09275, , , , , ,
WED - EVE, 9/1/2021, 682, 9445, 08832, 12 15 16 19 37 41 $13.00 M/0, 287154, 7 13 15 27 36 $100000.00, , 10 20 29 48 51 +17 x2 $345.00 M/0,7 21 23 26 36 +30
THU - MID, 9/2/2021, 247, 1851, 09457, , , , , ,
THU - EVE, 9/2/2021, 230, 2997, 71247, , , 3 4 16 24 26 $100000.00, , ,6 21 22 27 41 +130
FRI - MID, 9/3/2021, 224, 1183, 18568, , , , , ,
FRI - EVE, 9/3/2021, 310, 0220, 49320, , , 7 12 18 20 30 $110000.00, 7 10 12 61 65 +3 x2 $323.00 M/0, ,7 16 28 36 44 +120
SAT - MID, 9/4/2021, 621, 8161, 48758, , , , , ,
SAT - EVE, 9/4/2021, 178, 4772, 49526, 13 15 17 32 40 45 $13.10 M/0, 105515, 10 19 32 35 36 $120000.00, , 32 35 40 52 54 +1 x5 $367.00 M/0,20 22 23 33 40 +160
SUN - MID, 9/5/2021, 960, 2564, 69608, , , , , ,
SUN - EVE, 9/5/2021, 902, 2858, 22536, , , 4 11 27 32 34 $130000.00, , ,4 21 23 36 42 +30
MON - MID, 9/6/2021, 660, 3246, 13749, , , , , ,
MON - EVE, 9/6/2021, 661, 9402, 75984, 7 10 28 30 43 44 $13.20 M/0, 422938, 1 4 12 17 23 $140000.00, , 11 20 22 33 54 +24 x2 $375.00 M/0,3 6 18 38 44 +80
TUE - MID, 9/7/2021, 897, 1697, 40951, , , , , ,
TUE - EVE, 9/7/2021, 670, 2294, 15007, , , 19 22 35 37 38 $100000.00, 15 17 25 32 53 +12 x3 $345.00 M/0, ,8 14 16 32 38 +150
WED - MID, 9/8/2021, 990, 8635, 52008, , , , , ,
WED - EVE, 9/8/2021, 004, 2201, 26846, 1 7 10 11 19 25 $13.30 M/0, 776523, 2 9 17 22 28 $110000.00, , 9 22 41 47 61 +21 x2 $388.00 M/0,2 5 15 35 44 +140
THU - MID, 9/9/2021, 069, 9009, 45772, , , , , ,
THU - EVE, 9/9/2021, 382, 3517, 33429, , , 6 14 29 31 39 $100000.00, , ,1 2 4 34 39 +20
FRI - MID, 9/10/2021, 788, 1743, 10575, , , , , ,
FRI - EVE, 9/10/2021, 974, 6191, 89444, , , 9 15 17 24 31 $100000.00, 20 32 35 47 64 +18 x2 $368.00 M/0, ,1 6 19 21 28 +20
SAT - MID, 9/11/2021, 798, 7691, 68992, , , , , ,
SAT - EVE, 9/11/2021, 813, 7123, 65737, 24 35 38 41 43 47 $13.40 M/0, 248119, 6 8 13 18 19 $110000.00, , 20 31 38 40 49 +21 x2 $409.00 M/0,4 5 22 29 39 +140
SUN - MID, 9/12/2021, 554, 0622, 01447, , , , , ,
SUN - EVE, 9/12/2021, 196, 4718, 90578, , , 5 11 15 36 38 $120000.00, , ,1 3 11 13 34 +10
MON - MID, 9/13/2021, 211, 0286, 79662, , , , , ,
MON - EVE, 9/13/2021, 913, 4112, 97000, 16 19 30 36 37 48 $13.50 M/0, 318842, 12 14 28 37 38 $130000.00, , 37 40 50 61 63 +21 x3 $416.00 M/0,5 7 22 28 30 +50
TUE - MID, 9/14/2021, 439, 6966, 22888, , , , , ,
TUE - EVE, 9/14/2021, 023, 2899, 16964, , , 17 26 27 29 32 $100000.00, 4 13 19 63 64 +16 x2 $383.00 M/0, ,17 22 24 37 48 +180
WED - MID, 9/15/2021, 395, 1787, 63062, , , , , ,
WED - EVE, 9/15/2021, 235, 4270, 91356, 17 21 26 43 44 48 $13.60 M/0, 035834, 3 11 17 18 32 $110000.00, , 1 4 18 46 62 +25 x3 $432.00 M/0,21 22 32 45 48 +140
THU - MID, 9/16/2021, 232, 6747, 28209, , , , , ,
THU - EVE, 9/16/2021, 901, 9405, 92072, , , 7 10 21 31 39 $120000.00, , ,1 18 19 34 39 +150
FRI - MID, 9/17/2021, 656, 7160, 08327, , , , , ,
FRI - EVE, 9/17/2021, 844, 2461, 81239, , , 5 13 23 25 26 $130000.00, 17 32 40 59 61 +18 x3 $405.00 M/0, ,8 12 35 36 45 +20
SAT - MID, 9/18/2021, 523, 7546, 10277, , , , , ,
SAT - EVE, 9/18/2021, 373, 4308, 53373, 1 4 17 27 28 41 $13.70 M/0, 759582, 7 24 34 37 38 $140000.00, , 5 36 39 45 57 +11 x2 $457.00 M/0,4 10 26 30 47 +60
SUN - MID, 9/19/2021, 140, 8678, 87673, , , , , ,
SUN - EVE, 9/19/2021, 648, 7909, 63710, , , 2 6 11 25 30 $156000.00, , ,3 4 31 37 43 +60
MON - MID, 9/20/2021, 423, 9014, 17140, , , , , ,
MON - EVE, 9/20/2021, 410, 0444, 11969, 5 19 20 25 45 49 $13.80 M/0, 429918, 2 13 16 19 38 $179000.00, , 37 51 54 58 60 +19 x2 $472.00 M/0,22 35 38 40 41 +10
TUE - MID, 9/21/2021, 682, 3097, 83373, , , , , ,
TUE - EVE, 9/21/2021, 154, 9480, 32512, , , 2 12 29 36 38 $220000.00, 36 41 45 51 56 +13 x3 $432.00 M/1, ,1 5 37 44 48 +60
WED - MID, 9/22/2021, 050, 4205, 11166, , , , , ,
WED - EVE, 9/22/2021, 287, 6855, 90473, 14 16 25 30 33 43 $13.90 M/0, 254168, 1 13 18 19 20 $270000.00, , 20 40 47 55 63 +5 x3 $490.00 M/0,11 34 38 43 46 +60
THU - MID, 9/23/2021, 778, 8319, 87454, , , , , ,
THU - EVE, 9/23/2021, 997, 6618, 00722, , , 2 9 29 30 32 $312000.00, , ,13 27 32 39 41 +20
FRI - MID, 9/24/2021, 062, 6849, 84852, , , , , ,
FRI - EVE, 9/24/2021, 710, 1989, 71281, , , 5 9 12 20 30 $368000.00, 17 21 27 43 56 +15 x3 $20.00 M/0, ,7 18 20 31 40 +120
SAT - MID, 9/25/2021, 145, 2207, 68421, , , , , ,
SAT - EVE, 9/25/2021, 800, 5254, 39482, 1 3 11 13 21 28 $14.00 M/0, 082571, 4 5 14 17 36 $413000.00, , 22 23 37 62 63 +19 x3 $523.00 M/0,6 16 24 33 34 +50
SUN - MID, 9/26/2021, 252, 7186, 10064, , , , , ,
SUN - EVE, 9/26/2021, 139, 4106, 65468, , , 6 11 23 24 37 $477000.00, , ,7 23 28 30 39 +50
MON - MID, 9/27/2021, 951, 9916, 76294, , , , , ,
MON - EVE, 9/27/2021, 543, 3866, 13052, 5 36 37 39 41 46 $14.10 M/0, 720095, 2 4 24 29 38 $100000.00, , 21 22 39 44 60 +12 x2 $545.00 M/0,1 13 17 40 45 +120
TUE - MID, 9/28/2021, 422, 9960, 12654, , , , , ,
TUE - EVE, 9/28/2021, 417, 1114, 62153, , , 1 5 24 33 37 $100000.00, 18 30 43 68 69 +22 x4 $22.00 M/0, ,2 17 23 38 42 +140
WED - MID, 9/29/2021, 976, 8472, 05361, , , , , ,
WED - EVE, 9/29/2021, 905, 0247, 81158, 1 5 6 28 32 43 $14.20 M/0, 637181, 15 22 25 29 37 $110000.00, , 2 7 11 17 32 +11 x3 $570.00 M/0,9 26 40 41 45 +60
THU - MID, 9/30/2021, 600, 9546, 91874, , , , , ,
THU - EVE, 9/30/2021, 219, 9405, 41497, , , 20 22 27 32 36 $100000.00, , ,12 23 32 38 47 +110
FRI - MID, 10/1/2021, 686, 3762, 65575, , , , , ,
FRI - EVE, 10/1/2021, 775, 2947, 51141, , , 6 15 16 35 39 $110000.00, 21 25 36 62 63 +6 x2 $34.00 M/0, ,2 15 38 43 47 +100
SAT - MID, 10/2/2021, 659, 6137, 15436, , , , , ,
SAT - EVE, 10/2/2021, 097, 5503, 36818, 5 8 15 39 43 45 $14.30 M/0, 081167, 7 8 13 34 37 $120000.00, , 28 38 42 47 52 +1 x2 $635.00 M/0,1 12 24 25 37 +20
SUN - MID, 10/3/2021, 880, 8096, 06739, , , , , ,
SUN - EVE, 10/3/2021, 211, 2774, 80989, , , 3 6 12 23 26 $130000.00, , ,15 35 36 39 46 +90
MON - MID, 10/4/2021, 822, 0536, 80644, , , , , ,
MON - EVE, 10/4/2021, 346, 3116, 36157, 1 2 19 30 43 46 $14.40 M/0, 156235, 6 20 21 34 35 $100000.00, , 12 22 54 66 69 +15 x2 $697.00 M/1,2 3 29 37 39 +170
TUE - MID, 10/5/2021, 168, 8917, 51508, , , , , ,
TUE - EVE, 10/5/2021, 364, 2297, 32604, , , 1 14 30 31 34 $110000.00, 7 11 18 30 36 +4 x3 $45.00 M/0, ,18 20 33 44 46 +100
WED - MID, 10/6/2021, 367, 3249, 13147, , , , , ,
WED - EVE, 10/6/2021, 936, 1132, 42316, 22 24 25 26 30 35 $14.60 M/0, 214323, 4 9 12 22 30 $120000.00, , 1 17 52 58 64 +1 x10 $20.00 M/0,8 14 23 44 45 +170
THU - MID, 10/7/2021, 658, 8099, 92275, , , , , ,
THU - EVE, 10/7/2021, 883, 4596, 49814, , , 7 18 23 25 32 $100000.00, , ,2 7 21 34 41 +50
FRI - MID, 10/8/2021, 023, 6044, 24523, , , , , ,
FRI - EVE, 10/8/2021, 104, 6327, 57178, , , 8 13 21 31 32 $110000.00, 21 24 36 40 70 +22 x5 $60.00 M/0, ,6 22 24 29 46 +10
SAT - MID, 10/9/2021, 978, 8216, 76284, , , , , ,
SAT - EVE, 10/9/2021, 571, 6386, 75068, 15 16 17 32 33 48 $14.70 M/0, 027313, 4 13 18 23 31 $120000.00, , 12 17 30 45 62 +5 x2 $31.00 M/0,12 27 28 30 33 +90
SUN - MID, 10/10/2021, 600, 1138, 01737, , , , , ,
SUN - EVE, 10/10/2021, 051, 4180, 97699, , , 13 19 20 30 32 $100000.00, , ,7 23 27 33 43 +150
MON - MID, 10/11/2021, 698, 0742, 76626, , , , , ,
MON - EVE, 10/11/2021, 144, 7107, 81704, 13 15 23 41 42 43 $14.90 M/0, 769152, 2 3 6 11 32 $110000.00, , 11 20 33 39 65 +24 x3 $38.00 M/0,4 17 20 22 40 +90
TUE - MID, 10/12/2021, 756, 0160, 02126, , , , , ,
TUE - EVE, 10/12/2021, 974, 0850, 97001, , , 1 3 12 14 15 $120000.00, 21 26 56 61 65 +4 x3 $73.00 M/0, ,1 6 8 25 31 +170
WED - MID, 10/13/2021, 306, 3405, 04665, , , , , ,
WED - EVE, 10/13/2021, 440, 0120, 81582, 15 16 17 29 39 40 $15.00 M/0, 895332, 9 18 19 21 38 $130000.00, , 23 29 47 59 60 +15 x2 $50.00 M/0,13 16 18 23 33 +170
THU - MID, 10/14/2021, 565, 0172, 70359, , , , , ,
THU - EVE, 10/14/2021, 598, 1367, 37157, , , 4 8 24 32 35 $140000.00, , ,20 28 32 38 45 +50
FRI - MID, 10/15/2021, 884, 7443, 73095, , , , , ,
FRI - EVE, 10/15/2021, 594, 0342, 56932, , , 1 5 21 22 37 $150000.00, 3 20 31 34 65 +18 x3 $84.00 M/0, ,5 15 21 32 45 +60
SAT - MID, 10/16/2021, 886, 2711, 76438, , , , , ,
SAT - EVE, 10/16/2021, 620, 5569, 64080, 9 12 13 20 24 46 $15.10 M/0, 662956, 4 9 11 16 27 $182000.00, , 30 31 41 42 48 +3 x3 $60.00 M/0,20 33 38 39 40 +60
SUN - MID, 10/17/2021, 839, 5583, 63763, , , , , ,
SUN - EVE, 10/17/2021, 088, 0993, 72028, , , 8 12 13 18 30 $200000.00, , ,5 11 24 42 43 +30
MON - MID, 10/18/2021, 055, 3745, 69434, , , , , ,
MON - EVE, 10/18/2021, 747, 0373, 64587, 6 11 12 26 33 36 $15.20 M/0, 646373, 9 33 34 36 37 $232000.00, , 30 32 48 53 63 +12 x2 $65.00 M/0,9 17 18 25 47 +160
TUE - MID, 10/19/2021, 216, 8647, 65120, , , , , ,
TUE - EVE, 10/19/2021, 940, 4548, 80389, , , 9 20 23 25 29 $280000.00, 3 12 13 19 52 +1 x3 $94.00 M/0, ,1 8 22 28 44 +70
WED - MID, 10/20/2021, 915, 5387, 35561, , , , , ,
WED - EVE, 10/20/2021, 348, 2797, 49996, 10 27 28 32 43 46 $15.30 M/0, 062305, 10 26 28 31 35 $326000.00, , 7 29 36 41 43 +5 x2 $73.00 M/0,6 20 21 31 42 +30
THU - MID, 10/21/2021, 346, 3627, 88368, , , , , ,
THU - EVE, 10/21/2021, 263, 4037, 38918, , , 11 17 19 27 38 $389000.00, , ,6 13 17 25 28 +20
FRI - MID, 10/22/2021, 980, 9256, 52771, , , , , ,
FRI - EVE, 10/22/2021, 019, 0080, 71408, , , 5 7 8 23 29 $100000.00, 9 14 26 29 66 +22 x3 $108.00 M/1, ,1 3 14 21 28 +100
SAT - MID, 10/23/2021, 279, 1112, 28364, , , , , ,
SAT - EVE, 10/23/2021, 666, 5929, 14544, 12 22 31 34 42 49 $15.50 M/0, 156840, 6 21 27 28 30 $110000.00, , 10 30 51 57 63 +20 x2 $86.00 M/0,5 12 19 33 44 +60
SUN - MID, 10/24/2021, 376, 7054, 04055, , , , , ,
SUN - EVE, 10/24/2021, 525, 9870, 50572, , , 7 17 28 33 39 $120000.00, , ,3 20 21 32 38 +60
MON - MID, 10/25/2021, 945, 5396, 53486, , , , , ,
MON - EVE, 10/25/2021, 655, 6716, 28710, 2 12 30 34 38 47 $15.60 M/0, 646250, 2 19 20 26 31 $130000.00, , 10 27 29 44 58 +24 x2 $93.00 M/0,13 25 27 35 39 +90
TUE - MID, 10/26/2021, 509, 0293, 12658, , , , , ,
TUE - EVE, 10/26/2021, 281, 3533, 77077, , , 6 15 16 26 27 $140000.00, 6 14 19 56 62 +9 x4 $20.00 M/0, ,9 11 15 25 37 +70
WED - MID, 10/27/2021, 108, 9794, 52414, , , , , ,
WED - EVE, 10/27/2021, 776, 7238, 72227, 6 12 38 39 41 44 $15.70 M/0, 710174, 5 18 27 31 33 $150000.00, , 3 6 26 35 51 +17 x4 $102.00 M/0,14 23 39 42 44 +170
THU - MID, 10/28/2021, 755, 7789, 89439, , , , , ,
THU - EVE, 10/28/2021, 436, 0181, 44303, , , 8 10 17 33 35 $177000.00, , ,21 23 24 44 46 +130
FRI - MID, 10/29/2021, 973, 9281, 61825, , , , , ,
FRI - EVE, 10/29/2021, 232, 3700, 57808, , , 15 19 22 26 38 $100000.00, 15 26 28 35 45 +4 x3 $22.00 M/0, ,1 14 24 42 45 +90
SAT - MID, 10/30/2021, 191, 7569, 26077, , , , , ,
SAT - EVE, 10/30/2021, 286, 6672, 89373, 8 14 24 31 33 44 $15.90 M/0, 639268, 2 5 17 25 29 $110000.00, , 5 23 28 43 56 +19 x2 $116.00 M/0,5 19 22 36 37 +100
SUN - MID, 10/31/2021, 719, 5251, 82709, , , , , ,
SUN - EVE, 10/31/2021, 262, 1471, 82772, , , 2 6 11 15 28 $120000.00, , ,5 7 11 21 29 +150
MON - MID, 11/1/2021, 563, 2303, 15624, , , , , ,
MON - EVE, 11/1/2021, 811, 1366, 44860, 9 16 20 31 40 44 $16.00 M/0, 126551, 10 25 27 31 32 $130000.00, , 9 25 34 44 45 +8 x3 $123.00 M/0,4 27 28 29 47 +80
TUE - MID, 11/2/2021, 298, 9197, 11975, , , , , ,
TUE - EVE, 11/2/2021, 454, 4823, 56056, , , 6 11 12 18 26 $140000.00, 5 10 26 58 65 +9 x2 $26.00 M/0, ,8 19 26 38 39 +60
WED - MID, 11/3/2021, 068, 8908, 31272, , , , , ,
WED - EVE, 11/3/2021, 594, 0873, 43237, 2 18 30 45 47 49 $16.10 M/0, 136867, 3 14 24 28 32 $150000.00, , 1 2 24 50 57 +26 x2 $132.00 M/0,7 19 25 32 45 +30
THU - MID, 11/4/2021, 572, 6139, 84375, , , , , ,
THU - EVE, 11/4/2021, 816, 9363, 15591, , , 6 15 19 21 26 $176000.00, , ,6 9 12 23 41 +80
FRI - MID, 11/5/2021, 707, 9639, 87605, , , , , ,
FRI - EVE, 11/5/2021, 981, 1854, 57688, , , 6 13 27 29 32 $211000.00, 10 15 20 66 68 +18 x2 $36.00 M/0, ,1 2 11 35 40 +10
SAT - MID, 11/6/2021, 169, 3849, 97255, , , , , ,
SAT - EVE, 11/6/2021, 099, 9081, 68589, 9 13 19 20 26 37 $16.20 M/0, 565516, 2 15 21 30 35 $100000.00, , 8 30 48 57 64 +9 x2 $146.00 M/0,23 24 27 32 33 +100
SUN - MID, 11/7/2021, 564, 1528, 89815, , , , , ,
SUN - EVE, 11/7/2021, 592, 6830, 28618, , , 1 6 11 25 28 $110000.00, , ,15 18 24 30 42 +100
MON - MID, 11/8/2021, 659, 4870, 59958, , , , , ,
MON - EVE, 11/8/2021, 160, 4853, 24522, 7 21 22 32 39 43 $16.40 M/0, 505410, 2 21 28 29 33 $120000.00, , 21 46 47 57 62 +8 x3 $151.00 M/0,23 24 33 40 43 +140
TUE - MID, 11/9/2021, 355, 4170, 71776, , , , , ,
TUE - EVE, 11/9/2021, 280, 7407, 22291, , , 3 7 15 20 24 $130000.00, 9 14 16 26 49 +14 x3 $45.00 M/0, ,5 9 10 12 34 +150
WED - MID, 11/10/2021, 757, 8560, 01863, , , , , ,
WED - EVE, 11/10/2021, 402, 5207, 68723, 1 10 14 19 35 47 $16.50 M/0, 258721, 15 16 20 25 31 $140000.00, , 19 25 43 46 48 +14 x2 $160.00 M/0,7 8 20 35 47 +10
THU - MID, 11/11/2021, 509, 3868, 41113, , , , , ,
THU - EVE, 11/11/2021, 601, 0080, 85630, , , 6 17 30 33 37 $100000.00, , ,21 27 34 36 47 +150
FRI - MID, 11/12/2021, 594, 9269, 89124, , , , , ,
FRI - EVE, 11/12/2021, 167, 1461, 21301, , , 5 6 7 18 30 $110000.00, 30 32 42 46 48 +15 x2 $53.00 M/0, ,7 15 21 22 35 +120
SAT - MID, 11/13/2021, 985, 3749, 47997, , , , , ,
SAT - EVE, 11/13/2021, 716, 0935, 60328, 1 24 30 38 41 48 $16.60 M/0, 682997, 2 12 13 14 28 $120000.00, , 8 15 26 35 45 +9 x3 $173.00 M/0,1 29 33 36 38 +50
SUN - MID, 11/14/2021, 930, 2014, 58764, , , , , ,
SUN - EVE, 11/14/2021, 714, 9508, 11842, , , 1 6 18 19 25 $130000.00, , ,1 8 21 22 27 +110
MON - MID, 11/15/2021, 833, 0374, 91449, , , , , ,
MON - EVE, 11/15/2021, 036, 4775, 59444, 8 9 18 26 32 46 $16.80 M/0, 029291, 8 16 18 20 28 $140000.00, , 5 31 34 51 53 +23 x2 $180.00 M/0,5 12 14 28 34 +30
TUE - MID, 11/16/2021, 464, 6198, 60411, , , , , ,
TUE - EVE, 11/16/2021, 394, 4896, 19488, , , 3 4 8 28 31 $150000.00, 6 22 44 53 65 +3 x3 $63.00 M/0, ,1 12 23 30 47 +20
WED - MID, 11/17/2021, 965, 6753, 09113, , , , , ,
WED - EVE, 11/17/2021, 186, 3885, 29038, 16 20 21 24 31 46 $16.90 M/0, 241487, 8 11 19 25 30 $100000.00, , 3 16 48 52 60 +1 x3 $190.00 M/0,7 11 24 28 29 +90
THU - MID, 11/18/2021, 428, 9836, 21514, , , , , ,
THU - EVE, 11/18/2021, 783, 8340, 55211, , , 2 3 4 12 29 $100000.00, , ,10 32 36 42 46 +160
FRI - MID, 11/19/2021, 666, 5988, 39721, , , , , ,
FRI - EVE, 11/19/2021, 794, 4121, 05237, , , 12 13 26 29 34 $100000.00, 5 23 52 53 59 +18 x5 $74.00 M/0, ,3 4 9 19 40 +110
SAT - MID, 11/20/2021, 156, 3352, 34353, , , , , ,
SAT - EVE, 11/20/2021, 543, 5536, 96992, 24 26 30 44 48 49 $17.00 M/0, 682043, 5 8 13 15 17 $110000.00, , 40 43 48 59 69 +19 x3 $205.00 M/0,12 22 24 26 30 +110
SUN - MID, 11/21/2021, 459, 9277, 49166, , , , , ,
SUN - EVE, 11/21/2021, 183, 0640, 12663, , , 10 27 29 31 38 $120000.00, , ,3 11 17 20 28 +50
MON - MID, 11/22/2021, 158, 2509, 86107, , , , , ,
MON - EVE, 11/22/2021, 326, 6978, 97801, 10 19 35 41 47 49 $17.20 M/0, 289417, 11 15 19 30 39 $130000.00, , 7 20 29 38 67 +22 x2 $213.00 M/0,5 7 8 14 35 +80
TUE - MID, 11/23/2021, 366, 4299, 17166, , , , , ,
TUE - EVE, 11/23/2021, 025, 6990, 25427, , , 11 15 23 28 36 $140000.00, 7 24 54 57 58 +6 x3 $83.00 M/0, ,6 11 14 16 41 +140
WED - MID, 11/24/2021, 570, 0982, 15372, , , , , ,
WED - EVE, 11/24/2021, 718, 2228, 74985, 14 27 28 29 38 48 $17.30 M/0, 528709, 16 17 21 29 34 $152000.00, , 10 16 32 63 65 +17 x2 $224.00 M/0,5 6 9 29 30 +40
THU - MID, 11/25/2021, 635, 5562, 00708, , , , , ,
THU - EVE, 11/25/2021, 347, 1918, 92981, , , 4 11 17 22 33 $192000.00, , ,10 12 14 36 41 +110
FRI - MID, 11/26/2021, 513, 8662, 54838, , , , , ,
FRI - EVE, 11/26/2021, 520, 1558, 17725, , , 2 4 14 36 38 $100000.00, 7 27 37 42 59 +2 x2 $94.00 M/0, ,1 13 20 34 48 +90
SAT - MID, 11/27/2021, 826, 2307, 25918, , , , , ,
SAT - EVE, 11/27/2021, 539, 5056, 98049, 1 7 9 11 18 35 $17.40 M/0, 138177, 4 6 12 23 32 $110000.00, , 8 32 55 64 66 +10 x2 $243.00 M/0,2 6 7 11 19 +10
SUN - MID, 11/28/2021, 725, 2859, 09841, , , , , ,
SUN - EVE, 11/28/2021, 969, 3178, 77221, , , 5 6 7 9 11 $120000.00, , ,9 14 24 29 30 +70
MON - MID, 11/29/2021, 681, 8357, 84609, , , , , ,
MON - EVE, 11/29/2021, 966, 5121, 16755, 2 20 30 31 34 48 $17.50 M/0, 580435, 14 15 18 21 28 $100000.00, , 18 26 28 38 47 +17 x2 $253.00 M/0,16 17 22 25 29 +130
TUE - MID, 11/30/2021, 412, 1227, 89171, , , , , ,
TUE - EVE, 11/30/2021, 780, 6917, 04958, , , 27 31 34 35 37 $100000.00, 7 8 26 30 39 +17 x2 $102.00 M/0, ,9 25 29 40 42 +140
WED - MID, 12/1/2021, 509, 1622, 00510, , , , , ,
WED - EVE, 12/1/2021, 600, 6959, 71014, 3 4 11 13 21 31 $17.70 M/0, 540738, 5 6 23 25 38 $110000.00, , 12 15 38 57 63 +24 x2 $264.00 M/0,4 6 32 36 40 +80
THU - MID, 12/2/2021, 411, 6448, 00867, , , , , ,
THU - EVE, 12/2/2021, 512, 2184, 07654, , , 1 4 12 31 35 $120000.00, , ,8 23 29 34 48 +10
FRI - MID, 12/3/2021, 733, 7228, 38736, , , , , ,
FRI - EVE, 12/3/2021, 549, 2815, 99580, , , 1 2 12 27 35 $130000.00, 22 45 48 58 61 +13 x5 $112.00 M/0, ,3 12 14 25 44 +70
SAT - MID, 12/4/2021, 058, 3702, 41954, , , , , ,
SAT - EVE, 12/4/2021, 114, 8058, 65002, 12 18 20 22 29 32 $17.80 M/0, 584599, 2 4 19 29 30 $140000.00, , 10 40 45 56 67 +2 x2 $278.00 M/0,9 18 23 30 47 +160
SUN - MID, 12/5/2021, 070, 4400, 81050, , , , , ,
SUN - EVE, 12/5/2021, 213, 1703, 69928, , , 17 21 24 25 27 $158000.00, , ,7 14 18 19 41 +70
MON - MID, 12/6/2021, 565, 2448, 94677, , , , , ,
MON - EVE, 12/6/2021, 524, 9155, 07289, 10 17 23 32 37 40 $17.90 M/0, 495576, 1 11 29 30 38 $187000.00, , 3 21 38 50 59 +6 x3 $280.00 M/0,1 8 11 26 39 +100
TUE - MID, 12/7/2021, 423, 8453, 38460, , , , , ,
TUE - EVE, 12/7/2021, 289, 7216, 31514, , , 13 16 19 27 36 $224000.00, 1 7 40 43 68 +1 x2 $122.00 M/0, ,24 31 41 43 44 +150
WED - MID, 12/8/2021, 369, 0109, 87617, , , , , ,
WED - EVE, 12/8/2021, 412, 3237, 19468, 3 20 29 42 44 48 $18.00 M/0, 333040, 3 5 15 23 24 $100000.00, , 3 7 33 50 69 +24 x2 $291.00 M/0,5 20 24 40 43 +160
THU - MID, 12/9/2021, 164, 0934, 85608, , , , , ,
THU - EVE, 12/9/2021, 862, 0492, 13129, , , 18 20 26 31 39 $110000.00, , ,8 21 23 25 41 +160
FRI - MID, 12/10/2021, 463, 3604, 92524, , , , , ,
FRI - EVE, 12/10/2021, 696, 1976, 49828, , , 15 16 22 31 39 $120000.00, 23 25 40 42 60 +8 x2 $135.00 M/0, ,23 29 35 36 39 +80
SAT - MID, 12/11/2021, 687, 3952, 50133, , , , , ,
SAT - EVE, 12/11/2021, 551, 0327, 49951, 6 9 19 36 39 40 $18.10 M/0, 849713, 7 21 24 33 39 $130000.00, , 3 25 44 53 64 +10 x2 $307.00 M/0,8 9 16 31 44 +170
SUN - MID, 12/12/2021, 663, 1212, 61795, , , , , ,
SUN - EVE, 12/12/2021, 238, 3838, 25435, , , 11 13 29 30 33 $100000.00, , ,7 21 35 41 44 +170
MON - MID, 12/13/2021, 989, 5409, 41613, , , , , ,
MON - EVE, 12/13/2021, 897, 3759, 49225, 1 3 23 32 40 43 $18.30 M/0, 882539, 7 13 20 26 30 $110000.00, , 10 30 37 53 59 +4 x2 $320.00 M/0,3 9 20 24 43 +160
TUE - MID, 12/14/2021, 265, 2544, 24181, , , , , ,
TUE - EVE, 12/14/2021, 466, 9465, 97827, , , 1 2 13 32 39 $120000.00, 33 35 44 55 69 +20 x3 $148.00 M/0, ,10 23 24 28 45 +180
WED - MID, 12/15/2021, 095, 2257, 99931, , , , , ,
WED - EVE, 12/15/2021, 729, 5337, 22315, 12 27 28 32 34 42 $18.40 M/0, 923596, 12 15 16 26 35 $130000.00, , 19 20 40 42 59 +15 x3 $333.00 M/0,10 23 26 30 39 +70
THU - MID, 12/16/2021, 968, 2219, 18784, , , , , ,
THU - EVE, 12/16/2021, 689, 2290, 02682, , , 15 16 19 26 37 $100000.00, , ,8 10 17 38 48 +40
FRI - MID, 12/17/2021, 318, 1447, 58175, , , , , ,
FRI - EVE, 12/17/2021, 696, 2565, 48457, , , 2 5 6 16 19 $110000.00, 21 32 38 48 62 +10 x3 $160.00 M/0, ,6 7 25 28 45 +160
SAT - MID, 12/18/2021, 620, 8643, 09726, , , , , ,
SAT - EVE, 12/18/2021, 463, 7063, 13147, 7 21 29 30 31 40 $18.50 M/0, 335674, 11 12 22 32 33 $120000.00, , 2 6 24 51 61 +1 x2 $353.00 M/0,4 7 27 43 44 +60
SUN - MID, 12/19/2021, 169, 4495, 26351, , , , , ,
SUN - EVE, 12/19/2021, 512, 7223, 64364, , , 1 3 31 35 39 $100000.00, , ,9 16 42 44 48 +140
MON - MID, 12/20/2021, 268, 3643, 36344, , , , , ,
MON - EVE, 12/20/2021, 638, 6820, 56786, 5 8 9 13 16 27 $18.70 M/0, 127529, 2 3 5 12 24 $110000.00, , 2 13 23 34 66 +2 x4 $363.00 M/0,17 21 31 35 45 +60
TUE - MID, 12/21/2021, 284, 7531, 91974, , , , , ,
TUE - EVE, 12/21/2021, 389, 6623, 45762, , , 5 9 11 19 30 $120000.00, 25 31 58 64 67 +24 x3 $171.00 M/0, ,2 10 18 26 31 +140
WED - MID, 12/22/2021, 085, 9458, 11480, , , , , ,
WED - EVE, 12/22/2021, 354, 6656, 31214, 3 5 8 25 28 43 $18.80 M/0, 852990, 7 20 27 29 32 $130000.00, , 7 16 19 48 68 +15 x2 $378.00 M/0,4 29 32 35 46 +170
THU - MID, 12/23/2021, 741, 0901, 01882, , , , , ,
THU - EVE, 12/23/2021, 859, 5621, 66703, , , 4 9 11 13 36 $100000.00, , ,18 20 22 24 35 +130
FRI - MID, 12/24/2021, 232, 7090, 42662, , , , , ,
FRI - EVE, 12/24/2021, 433, 5560, 82331, , , 12 20 34 36 38 $110000.00, 16 17 25 36 37 +16 x2 $187.00 M/0, ,2 9 22 38 42 +80
SAT - MID, 12/25/2021, 173, 7907, 50749, , , , , ,
SAT - EVE, 12/25/2021, 433, 3105, 29348, 12 13 14 16 24 26 $18.90 M/0, 079029, 4 7 13 30 34 $100000.00, , 27 29 45 55 58 +2 x3 $400.00 M/0,2 5 7 29 44 +80
SUN - MID, 12/26/2021, 001, 9516, 40463, , , , , ,
SUN - EVE, 12/26/2021, 367, 9518, 68089, , , 1 11 17 21 33 $110000.00, , ,4 16 27 28 46 +90
MON - MID, 12/27/2021, 191, 2551, 08512, , , , , ,
MON - EVE, 12/27/2021, 057, 0100, 75099, 6 7 12 18 33 36 $19.00 M/0, 922410, 1 5 22 29 35 $100000.00, , 36 38 45 62 64 +19 x2 $416.00 M/0,12 14 28 37 47 +80
TUE - MID, 12/28/2021, 618, 4358, 38718, , , , , ,
TUE - EVE, 12/28/2021, 350, 4936, 11907, , , 4 8 11 18 22 $110000.00, 3 5 8 31 38 +4 x3 $201.00 M/0, ,4 6 14 33 41 +90
WED - MID, 12/29/2021, 467, 6735, 76758, , , , , ,
WED - EVE, 12/29/2021, 992, 9888, 40290, 1 5 32 38 43 46 $19.10 M/0, 204151, 4 10 22 29 37 $120000.00, , 2 6 9 33 39 +11 x2 $441.00 M/0,9 19 21 33 48 +80
THU - MID, 12/30/2021, 478, 7929, 64397, , , , , ,
THU - EVE, 12/30/2021, 145, 8857, 25660, , , 11 14 23 34 35 $130000.00, , ,7 15 19 26 32 +90
FRI - MID, 12/31/2021, 245, 1668, 01085, , , , , ,
FRI - EVE, 12/31/2021, 727, 9494, 62923, , , 15 17 20 34 35 $140000.00, 2 5 30 46 61 +8 x3 $221.00 M/0, ,19 36 37 39 41 +80
